Date/Time,Mean Temp (C),Max Temp (C),Min Temp (C),Total Rain (mm),Total Snow (cm),Total Precip (mm),season
11/1/1937,3.3,8,-1.4,33.8,0,33.8,Fall
12/1/1937,-4.4,0.1,-8.8,7.6,33.8,41.4,Winter
1/1/1938,-7.2,-2.6,-11.7,13.5,26.9,40.4,Winter
2/1/1938,-3.7,0.8,-8.2,63.2,13.2,76.5,Winter
3/1/1938,1.4,7.4,-4.6,35.3,6.4,41.7,Spring
4/1/1938,7.6,13.6,1.6,21.8,11.4,33.3,Spring
5/1/1938,12.1,18.8,5.4,72.4,0,72.4,Spring
6/1/1938,17.3,24.8,9.8,42.2,0,42.2,Summer
7/1/1938,21.8,28.9,14.6,63.2,0,63.2,Summer
8/1/1938,22.7,29.7,15.6,37.1,0,37.1,Summer
9/1/1938,14.2,20.1,8.2,102.1,0,102.1,Fall
10/1/1938,9.9,16.2,3.6,7.1,0,7.1,Fall
11/1/1938,3.2,9,-2.7,30.5,2.5,33,Fall
12/1/1938,-2.5,1.1,-6.1,13.7,13.7,27.4,Winter
1/1/1939,-6.7,-1.3,-12,2.5,45.7,48.3,Winter
2/1/1939,-5.8,-0.5,-11.1,30.2,57.9,88.1,Winter
3/1/1939,-3.6,0.7,-7.8,26.2,54.4,80.5,Spring
4/1/1939,4.1,8.2,-0.1,57.7,32.5,90.2,Spring
5/1/1939,13.9,21.1,6.6,26.4,0,26.4,Spring
6/1/1939,18,24.6,11.4,51.8,0,51.8,Summer
7/1/1939,20.9,28.2,13.5,39.4,0,39.4,Summer
8/1/1939,21.7,28.7,14.7,51.6,0,51.6,Summer
9/1/1939,,,,,,,Fall
10/1/1939,,,,,,,Fall
11/1/1939,,,,,,,Fall
12/1/1939,,,,,,,Winter
1/1/1940,-9.4,-5.2,-13.6,26.7,21.6,48.3,Winter
2/1/1940,-6.2,-2.2,-10.1,6.9,27.2,34,Winter
3/1/1940,-5.2,-1.3,-9.1,13.2,35.1,48.3,Spring
4/1/1940,4.1,8.8,-0.6,45.5,5.3,50.8,Spring
5/1/1940,11.7,16.7,6.6,123.4,0,123.4,Spring
6/1/1940,16.6,21.9,11.2,86.1,0,86.1,Summer
7/1/1940,20.5,26.6,14.3,70.9,0,70.9,Summer
8/1/1940,19.4,25.1,13.6,84.1,0,84.1,Summer
9/1/1940,15.1,20.3,9.8,102.4,0,102.4,Fall
10/1/1940,7.4,12.8,1.9,45.5,0,45.5,Fall
11/1/1940,2.2,5.9,-1.6,53.3,61,114.3,Fall
12/1/1940,-3.6,0.6,-7.7,68.1,14.5,82.6,Winter
1/1/1941,-6.9,-3.1,-10.6,21.1,50,71.1,Winter
2/1/1941,-6.2,-2.6,-9.8,6.4,24.6,31,Winter
3/1/1941,-3.8,0.6,-8.1,23.6,13.2,36.8,Spring
4/1/1941,9.2,15.5,2.9,45,0,45,Spring
5/1/1941,13.9,20.3,7.5,53.8,0,53.8,Spring
6/1/1941,19.3,25.4,13.2,75.7,0,75.7,Summer
7/1/1941,21.5,27.7,15.3,68.1,0,68.1,Summer
8/1/1941,19.5,25.6,13.4,39.4,0,39.4,Summer
9/1/1941,16.8,23.2,10.4,25.1,0,25.1,Fall
10/1/1941,10,14.7,5.2,89.2,0,89.2,Fall
11/1/1941,4.7,8.5,0.8,52.6,0,52.6,Fall
12/1/1941,-1.5,1.9,-4.8,24.9,16.3,41.1,Winter
1/1/1942,-5.5,-1.4,-9.6,21.8,15.2,37.1,Winter
2/1/1942,-7.7,-4.3,-11,13,28.2,41.1,Winter
3/1/1942,1.4,4.3,-1.5,94,23.1,117.1,Spring
4/1/1942,8.9,14.7,3.1,29.7,13.7,43.4,Spring
5/1/1942,12.9,18.2,7.6,208.5,0,208.5,Spring
6/1/1942,17.8,23.4,12.2,32.8,0,32.8,Summer
7/1/1942,20.2,26.7,13.7,110,0,110,Summer
8/1/1942,19.7,25.7,13.6,28.7,0,28.7,Summer
9/1/1942,15.1,20.9,9.3,99.8,0,99.8,Fall
10/1/1942,9.5,14.6,4.3,56.4,0,56.4,Fall
11/1/1942,2.8,7.2,-1.6,58.4,19.6,78,Fall
12/1/1942,-5.6,-1.8,-9.4,56.4,53.6,110,Winter
1/1/1943,-9.1,-4.9,-13.3,2.5,68.3,70.9,Winter
2/1/1943,-5.2,-0.5,-9.9,32.3,16.5,48.8,Winter
3/1/1943,-3.1,1.8,-8,67.1,18.3,85.3,Spring
4/1/1943,2.8,7.3,-1.7,50.8,5.8,56.6,Spring
5/1/1943,12.1,17.2,6.9,104.4,0,104.4,Spring
6/1/1943,20.1,26.4,13.8,45.2,0,45.2,Summer
7/1/1943,21,27.1,14.8,86.6,0,86.6,Summer
8/1/1943,19.9,25.8,13.9,49.3,0,49.3,Summer
9/1/1943,14.5,20.6,8.4,35.1,0,35.1,Fall
10/1/1943,8.3,13.6,2.9,73.4,0,73.4,Fall
11/1/1943,1.9,5.2,-1.4,29.2,11.4,40.6,Fall
12/1/1943,-4.8,-0.2,-9.3,10.7,4.8,15.5,Winter
1/1/1944,-2.7,1.4,-6.8,10.4,9.7,20.1,Winter
2/1/1944,-6,-1.4,-10.6,5.8,57.4,63.2,Winter
3/1/1944,-3.6,0.3,-7.4,53.3,28.2,81.5,Spring
4/1/1944,4.3,8.9,-0.4,71.1,11.7,82.8,Spring
5/1/1944,15.2,21.1,9.3,137.9,0,137.9,Spring
6/1/1944,18.6,24.1,13.1,102.4,0,102.4,Summer
7/1/1944,21,27.4,14.5,90.2,0,90.2,Summer
8/1/1944,21.3,27.9,14.7,54.9,0,54.9,Summer
9/1/1944,15.8,21.2,10.3,64,0,64,Fall
10/1/1944,8.9,14.9,2.9,17.5,0,17.5,Fall
11/1/1944,3.3,6.8,-0.2,30.5,12.2,42.7,Fall
12/1/1944,-5.7,-1.6,-9.7,6.1,64.5,70.6,Winter
1/1/1945,-11.9,-7.2,-16.6,0.3,39.9,40.1,Winter
2/1/1945,-6,-1.3,-10.7,13.2,34.5,47.8,Winter
3/1/1945,5.1,10.4,-0.3,110.7,3.3,114,Spring
4/1/1945,7.7,12.9,2.4,75.7,7.4,83.1,Spring
5/1/1945,9.4,14.3,4.5,145,0,145,Spring
6/1/1945,16.7,22.2,11.1,81.3,0,81.3,Summer
7/1/1945,19.7,25.6,13.7,118.1,0,118.1,Summer
8/1/1945,19.9,25.6,14.2,49,0,49,Summer
9/1/1945,15.9,21.2,10.6,128.8,0,128.8,Fall
10/1/1945,8.4,13.9,2.8,56.4,0.8,57.2,Fall
11/1/1945,3.3,7.2,-0.6,42.2,12.4,54.6,Fall
12/1/1945,-6.1,-2,-10.2,28.7,13,41.7,Winter
1/1/1946,-5.3,-0.9,-9.7,61.5,36.1,97.5,Winter
2/1/1946,-6.9,-2.3,-11.4,33.5,24.4,57.9,Winter
3/1/1946,5.2,10.8,-0.5,28.4,0,28.4,Spring
4/1/1946,6,12.2,-0.2,14.5,2.5,17,Spring
5/1/1946,11.6,17.8,5.3,95.5,0,95.5,Spring
6/1/1946,17.1,23.4,10.8,43.7,0,43.7,Summer
7/1/1946,20.4,27.6,13.2,79.2,0,79.2,Summer
8/1/1946,18.2,24.1,12.3,37.8,0,37.8,Summer
9/1/1946,16.3,22.6,9.9,73.7,0,73.7,Fall
10/1/1946,11.7,18.1,5.3,81,0,81,Fall
11/1/1946,4.7,8.6,0.7,36.6,7.9,44.5,Fall
12/1/1946,-2.6,1.7,-6.9,32.5,17.8,50.3,Winter
1/1/1947,-4.6,-0.1,-9,45.7,52.6,98.3,Winter
2/1/1947,-7.2,-3,-11.4,0,27.2,27.2,Winter
3/1/1947,-2.2,1.9,-6.3,24.4,22.4,46.7,Spring
4/1/1947,5.1,10,0.2,56.4,18.5,74.9,Spring
5/1/1947,10.7,16.4,4.9,84.8,0,84.8,Spring
6/1/1947,17.4,23.2,11.5,117.1,0,117.1,Summer
7/1/1947,20.3,25.7,14.8,103.1,0,103.1,Summer
8/1/1947,22.5,28.4,16.6,61,0,61,Summer
9/1/1947,16.4,22.4,10.4,37.6,0,37.6,Fall
10/1/1947,13.5,20,6.9,34.3,0,34.3,Fall
11/1/1947,2.1,5.9,-1.7,17.5,12.2,29.7,Fall
12/1/1947,-4.6,-0.4,-8.7,19.6,24.6,44.2,Winter
1/1/1948,-9.7,-4.7,-14.7,2.5,37.6,40.1,Winter
2/1/1948,-7.8,-2.7,-12.9,33.5,33.5,67.1,Winter
3/1/1948,-2.1,3.6,-7.7,44.5,13.5,57.9,Spring
4/1/1948,7.6,13.3,1.9,52.6,0,52.6,Spring
5/1/1948,11.2,17.4,4.9,62.7,0,62.7,Spring
6/1/1948,17.9,24.2,11.6,80.5,0,80.5,Summer
7/1/1948,21,27.6,14.3,51.3,0,51.3,Summer
8/1/1948,20.9,27.6,14.2,48.5,0,48.5,Summer
9/1/1948,17.9,24,11.7,154.4,0,154.4,Fall
10/1/1948,8.4,12.7,4,58.4,0,58.4,Fall
11/1/1948,6.3,9.6,2.9,80.3,0.8,81,Fall
12/1/1948,-1.7,1.8,-5.2,16.5,31.2,47.8,Winter
1/1/1949,-2.9,0.4,-6.2,39.4,30,69.3,Winter
2/1/1949,-3.6,0.9,-8.1,49.8,26.2,75.9,Winter
3/1/1949,-1.7,2.9,-6.2,25.4,37.6,63,Spring
4/1/1949,6.7,12.4,0.9,30.7,0.5,31.2,Spring
5/1/1949,13.9,21,6.7,9.4,0,9.4,Spring
6/1/1949,21.7,28.8,14.6,4.1,0,4.1,Summer
7/1/1949,22.6,28.6,16.6,61.5,0,61.5,Summer
8/1/1949,22,28.6,15.3,133.9,0,133.9,Summer
9/1/1949,14.3,19.4,9.1,90.2,0,90.2,Fall
10/1/1949,11.8,17.5,6.1,67.8,0,67.8,Fall
11/1/1949,1.5,5.3,-2.4,23.4,24.6,48,Fall
12/1/1949,-1.5,2.4,-5.4,72.4,12.4,84.8,Winter
1/1/1950,-1.8,2.7,-6.2,59.9,36.6,96.5,Winter
2/1/1950,-6.6,-2.3,-10.9,5.6,66.5,72.1,Winter
3/1/1950,-4.2,0.3,-8.7,21.6,41.7,63.2,Spring
4/1/1950,3.4,8.1,-1.4,47.2,14.5,61.7,Spring
5/1/1950,12.3,18.6,5.9,20.1,0,20.1,Spring
6/1/1950,17.7,24.4,10.9,64,0,64,Summer
7/1/1950,19.9,26.1,13.6,116.3,0,116.3,Summer
8/1/1950,19.2,25,13.3,85.1,0,85.1,Summer
9/1/1950,14.2,19.4,9,22.1,0,22.1,Fall
10/1/1950,11.1,16.4,5.8,78,0,78,Fall
11/1/1950,2.2,6.4,-2.1,40.4,50,90.4,Fall
12/1/1950,-3.5,0,-6.9,21.8,5.8,27.7,Winter
1/1/1951,-4.3,-0.4,-8.1,35.6,24.9,60.5,Winter
2/1/1951,-4.4,0.1,-8.8,33.8,10.4,44.2,Winter
3/1/1951,0.3,3.6,-3.1,78,19.6,97.5,Spring
4/1/1951,6.3,10.5,2.1,108.2,0.5,108.7,Spring
5/1/1951,13.7,20.2,7.1,36.8,0,36.8,Spring
6/1/1951,17.7,23.1,12.2,88.4,0,88.4,Summer
7/1/1951,21,26.9,15,90.4,0,90.4,Summer
8/1/1951,19.5,25.6,13.3,52.3,0,52.3,Summer
9/1/1951,15.5,21.8,9.1,41.7,0,41.7,Fall
10/1/1951,9.9,15,4.7,60.5,0,60.5,Fall
11/1/1951,0.2,3.7,-3.3,45.5,25.1,70.6,Fall
12/1/1951,-3.5,0.8,-7.7,13,86.6,99.6,Winter
1/1/1952,-4.7,-0.3,-9.1,23.6,43.7,67.3,Winter
2/1/1952,-3.7,-0.1,-7.3,20.1,20.8,40.9,Winter
3/1/1952,-1.1,2.5,-4.7,58.9,7.6,66.5,Spring
4/1/1952,8.4,13.9,2.9,57.9,0.5,58.4,Spring
5/1/1952,11.5,17.3,5.7,72.6,0,72.6,Spring
6/1/1952,19.1,25.2,12.9,29,0,29,Summer
7/1/1952,22.8,29.2,16.3,68.8,0,68.8,Summer
8/1/1952,19.8,26.1,13.5,61,0,61,Summer
9/1/1952,17.1,23.8,10.3,60.2,0,60.2,Fall
10/1/1952,6.9,12.8,0.9,16.5,0.8,17.3,Fall
11/1/1952,4.6,8.7,0.4,90.7,0,90.7,Fall
12/1/1952,-0.2,2.9,-3.3,28.7,11.4,40.1,Winter
1/1/1953,-2.9,0.9,-6.6,26.4,16.8,43.2,Winter
2/1/1953,-2.4,1.6,-6.4,11.4,24.6,36.1,Winter
3/1/1953,1.2,5.2,-2.9,66.8,0.3,67.1,Spring
4/1/1953,5.7,10.3,1.1,62,0,62,Spring
5/1/1953,13,18.1,7.9,136.1,0,136.1,Spring
6/1/1953,18.5,24.2,12.7,69.6,0,69.6,Summer
7/1/1953,21.2,27.2,15.1,71.9,0,71.9,Summer
8/1/1953,20.6,26.8,14.4,102.9,0,102.9,Summer
9/1/1953,16,22,9.9,72.9,0,72.9,Fall
10/1/1953,10.5,16.8,4.1,19.3,0,19.3,Fall
11/1/1953,5.4,9.7,1.1,27.4,14.5,41.9,Fall
12/1/1953,-0.6,3,-4.2,25.9,21.6,47.5,Winter
1/1/1954,-8,-3.7,-12.3,17,35.3,52.3,Winter
2/1/1954,-1.9,2.4,-6.1,27.2,32.8,59.9,Winter
3/1/1954,-1.2,2.6,-4.9,56.6,20.3,77,Spring
4/1/1954,7,12.2,1.8,91.4,0,91.4,Spring
5/1/1954,11.3,17.3,5.2,19.3,0,19.3,Spring
6/1/1954,19.3,24.4,14.1,116.1,0,116.1,Summer
7/1/1954,20.1,26.8,13.4,18.3,0,18.3,Summer
8/1/1954,19.2,25.1,13.3,91.2,0,91.2,Summer
9/1/1954,15.5,20.2,10.7,80.5,0,80.5,Fall
10/1/1954,11,15.4,6.5,213.9,0,213.9,Fall
11/1/1954,4,7.7,0.3,32.8,4.6,37.3,Fall
12/1/1954,-3.4,-0.1,-6.6,32,25.1,57.2,Winter
1/1/1955,-5.8,-2.6,-9,15,22.1,37.1,Winter
2/1/1955,-5.3,-1.2,-9.3,24.1,14.5,38.6,Winter
3/1/1955,-1.1,2.9,-5.1,27.9,42.7,70.6,Spring
4/1/1955,9.5,14.7,4.2,63.2,0,63.2,Spring
5/1/1955,14.6,20.9,8.3,59.7,0,59.7,Spring
6/1/1955,19,25.3,12.7,24.6,0,24.6,Summer
7/1/1955,24.2,31,17.4,34.8,0,34.8,Summer
8/1/1955,23,28.1,17.8,104.4,0,104.4,Summer
9/1/1955,15.8,21.9,9.7,30.7,0,30.7,Fall
10/1/1955,11,16.1,5.9,77,0,77,Fall
11/1/1955,2.4,5.9,-1.1,48.3,3.8,52.1,Fall
12/1/1955,-5.5,-1.8,-9.1,18.5,34.8,53.3,Winter
1/1/1956,-5.7,-2.2,-9.2,5.6,37.3,42.9,Winter
2/1/1956,-4.5,-0.5,-8.4,18.5,27.9,46.5,Winter
3/1/1956,-2.5,1.4,-6.4,32.8,43.9,76.7,Spring
4/1/1956,4.4,9.1,-0.4,57.9,11.4,69.3,Spring
5/1/1956,10.1,15.6,4.6,114,0,114,Spring
6/1/1956,18.2,23.6,12.7,38.9,0,38.9,Summer
7/1/1956,19.4,24.7,14.1,108,0,108,Summer
8/1/1956,19.5,24.8,14.2,124.7,0,124.7,Summer
9/1/1956,13.1,18.7,7.4,40.1,0,40.1,Fall
10/1/1956,10.5,16.6,4.3,22.9,0,22.9,Fall
11/1/1956,3.9,7.7,0.1,22.4,5.1,27.4,Fall
12/1/1956,-1.2,2.2,-4.5,40.6,25.9,66.5,Winter
1/1/1957,-8.5,-4.2,-12.8,19.3,36.6,55.9,Winter
2/1/1957,-4,0.5,-8.4,27.4,30.7,58.2,Winter
3/1/1957,0.8,4.7,-3.1,20.1,7.9,27.9,Spring
4/1/1957,7.7,12.7,2.7,76.2,10.7,86.9,Spring
5/1/1957,11.8,17.4,6.2,72.1,0,72.1,Spring
6/1/1957,19.2,25,13.4,91.9,0,91.9,Summer
7/1/1957,21.1,27.3,14.8,11.4,0,11.4,Summer
8/1/1957,19.2,25.3,13,61,0,61,Summer
9/1/1957,15.9,21.6,10.2,96.8,0,96.8,Fall
10/1/1957,8.9,14.2,3.6,44.7,0,44.7,Fall
11/1/1957,4.1,8.1,0,41.4,4.6,46,Fall
12/1/1957,-0.2,3.3,-3.6,58.4,10.4,68.8,Winter
1/1/1958,-5.1,-1.6,-8.6,0,25.1,25.1,Winter
2/1/1958,-7.7,-4.1,-11.2,11.2,25.7,36.8,Winter
3/1/1958,1.4,4.8,-2.1,2.3,22.6,24.9,Spring
4/1/1958,8.1,14.1,2.1,28.7,7.1,35.8,Spring
5/1/1958,12,18.6,5.3,23.9,0,23.9,Spring
6/1/1958,16.1,22.7,9.4,26.7,0,26.7,Summer
7/1/1958,21.2,26.7,15.6,58.4,0,58.4,Summer
8/1/1958,20.2,26.6,13.8,69.1,0,69.1,Summer
9/1/1958,16.6,21.4,11.7,78.5,0,78.5,Fall
10/1/1958,9.7,14.6,4.7,31.2,0,31.2,Fall
11/1/1958,4.1,8.4,-0.2,50.5,20.6,71.1,Fall
12/1/1958,-7,-2.8,-11.2,1.3,24.1,25.4,Winter
1/1/1959,-7.2,-3.1,-11.2,39.9,25.7,65.5,Winter
2/1/1959,-7.6,-2.6,-12.6,28.2,46,74.2,Winter
3/1/1959,-2,2.3,-6.2,30.7,29.2,59.9,Spring
4/1/1959,7.1,12.4,1.7,61,0,61,Spring
5/1/1959,14.2,20,8.3,41.1,0.3,41.4,Spring
6/1/1959,19.9,25.9,13.9,22.4,0,22.4,Summer
7/1/1959,22.3,28.9,15.7,27.7,0,27.7,Summer
8/1/1959,23.8,29.3,18.3,38.6,0,38.6,Summer
9/1/1959,18.7,24.2,13.2,69.3,0,69.3,Fall
10/1/1959,9.7,13.4,5.9,79.5,0,79.5,Fall
11/1/1959,2.1,5.8,-1.6,43.4,12.7,56.1,Fall
12/1/1959,-1.4,1.4,-4.2,59.7,20.8,80.5,Winter
1/1/1960,-5.1,-1.9,-8.3,33.5,34.5,68.1,Winter
2/1/1960,-4.4,-0.9,-7.9,26.7,38.1,64.8,Winter
3/1/1960,-6,-1.2,-10.8,7.1,31.8,38.9,Spring
4/1/1960,7.5,12.4,2.5,61.7,2.8,64.5,Spring
5/1/1960,13.6,18.3,8.8,116.8,0,116.8,Spring
6/1/1960,18.2,24.1,12.2,55.6,0,55.6,Summer
7/1/1960,20.3,26.4,14.2,103.9,0,103.9,Summer
8/1/1960,20.4,26.5,14.2,39.6,0,39.6,Summer
9/1/1960,17.6,23.4,11.8,6.4,0,6.4,Fall
10/1/1960,9.9,15.5,4.2,57.7,0.3,57.9,Fall
11/1/1960,5.5,9.6,1.4,52.8,10.7,57.2,Fall
12/1/1960,-5.4,-1.2,-9.5,1,15.7,17,Winter
1/1/1961,-8.1,-3.9,-12.3,0,15.2,10.9,Winter
2/1/1961,-3,1.4,-7.4,41.9,23.4,59.2,Winter
3/1/1961,0.1,3.8,-3.6,19.8,32.8,77,Spring
4/1/1961,4.6,8.5,0.7,69.6,24.4,98.3,Spring
5/1/1961,11.7,17.6,5.7,63.5,0.5,64,Spring
6/1/1961,18,23.8,12.1,82.8,0,82.8,Summer
7/1/1961,21.1,26.9,15.3,80.5,0,80.5,Summer
8/1/1961,20.6,26.4,14.8,56.1,0,56.1,Summer
9/1/1961,19.3,25.4,13.2,42.4,0,42.4,Fall
10/1/1961,12,18.2,5.7,14.7,0,14.7,Fall
11/1/1961,3.2,7.9,-1.6,48,4.8,51.6,Fall
12/1/1961,-2.5,1.4,-6.3,31.2,15.2,46.2,Winter
1/1/1962,-7.3,-2.4,-12.1,32,37.1,67.6,Winter
2/1/1962,-8.1,-3,-13.2,13,63,86.1,Winter
3/1/1962,-0.4,4.5,-5.2,7.9,4.1,11.9,Spring
4/1/1962,6.9,13.2,0.5,24.4,10.2,34.5,Spring
5/1/1962,15.9,23,8.8,11.7,0,11.7,Spring
6/1/1962,18.7,25.1,12.3,65.3,0,65.3,Summer
7/1/1962,19.8,25.9,13.6,90.7,0,90.7,Summer
8/1/1962,20.5,26.8,14.2,76.2,0,76.2,Summer
9/1/1962,14.5,19.9,9.1,131.8,0,131.8,Fall
10/1/1962,10.3,15.1,5.5,90.9,7.4,98,Fall
11/1/1962,2.4,6.7,-2,93,3.8,96.8,Fall
12/1/1962,-4.5,-0.2,-8.7,43.7,20.6,59.9,Winter
1/1/1963,-8.6,-4.9,-12.2,1.3,26.4,25.9,Winter
2/1/1963,-9.4,-4.1,-14.7,1.8,13,13.5,Winter
3/1/1963,0.8,5.8,-4.3,34.5,20.1,59.7,Spring
4/1/1963,6.9,13.3,0.4,44.7,9.4,54.1,Spring
5/1/1963,12,18.4,5.5,72.6,0,72.6,Spring
6/1/1963,19.2,26.2,12.2,42.7,0,42.7,Summer
7/1/1963,21.4,27.9,14.9,73.7,0,73.7,Summer
8/1/1963,18.9,24.9,12.9,57.7,0,57.7,Summer
9/1/1963,14,20.6,7.4,48,0,48,Fall
10/1/1963,13.6,20.9,6.2,9.1,0,9.1,Fall
11/1/1963,6.2,9.8,2.6,65,0.5,65.5,Fall
12/1/1963,-7.5,-2.9,-12,5.8,55.9,42.9,Winter
1/1/1964,-4,0.4,-8.4,44.2,18.3,58.7,Winter
2/1/1964,-6.1,-0.4,-11.8,0,32.3,28.7,Winter
3/1/1964,-0.8,3.6,-5.1,46,42.9,87.1,Spring
4/1/1964,5.8,11.2,0.3,63,8.1,73.9,Spring
5/1/1964,13.8,20.8,6.7,41.4,0,41.4,Spring
6/1/1964,16.7,24.2,9.2,38.1,0,38.1,Summer
7/1/1964,21.1,27.3,14.9,101.6,0,101.6,Summer
8/1/1964,16.8,22.8,10.8,147.6,0,147.6,Summer
9/1/1964,14.2,20.6,7.8,14,0,14,Fall
10/1/1964,7.6,14.2,1,45.5,0.8,46.2,Fall
11/1/1964,3.8,8.4,-0.9,23.4,12.4,32.8,Fall
12/1/1964,-3.3,0.7,-7.2,33.8,25.4,52.6,Winter
1/1/1965,-6.9,-2.3,-11.4,35.6,44.2,70.1,Winter
2/1/1965,-5.9,-1.4,-10.4,38.4,56.4,107.2,Winter
3/1/1965,-3.5,0.4,-7.3,2.5,41.4,45,Spring
4/1/1965,3.4,8.2,-1.4,65.5,9.7,75.2,Spring
5/1/1965,13.3,20.3,6.2,46.5,0,46.5,Spring
6/1/1965,16.5,23.6,9.3,40.1,0,40.1,Summer
7/1/1965,17.3,24,10.6,63.5,0,63.5,Summer
8/1/1965,18.1,24.4,11.7,74.9,0,74.9,Summer
9/1/1965,15.2,20.4,9.9,66.5,0,66.5,Fall
10/1/1965,7.3,12.5,2.1,103.4,1.3,104.6,Fall
11/1/1965,2.7,6.7,-1.4,76.5,4.8,81,Fall
12/1/1965,-0.7,2.8,-4.1,48.3,10.4,63.8,Winter
1/1/1966,-8.2,-3.4,-12.9,2.5,68.8,60.7,Winter
2/1/1966,-5.3,-1.2,-9.4,17.3,16,30.5,Winter
3/1/1966,0.7,4.7,-3.4,44.7,11.7,55.6,Spring
4/1/1966,4.6,9.4,-0.3,29.7,18,52.8,Spring
5/1/1966,9.4,15.7,3,44.7,0.5,47.2,Spring
6/1/1966,17.8,24.3,11.2,72.6,0,72.6,Summer
7/1/1966,21.3,28.7,13.8,15,0,15,Summer
8/1/1966,19.4,25.7,13.1,70.4,0,70.4,Summer
9/1/1966,14,20.1,7.9,55.1,0,55.1,Fall
10/1/1966,8.3,14.3,2.3,24.4,0,24.4,Fall
11/1/1966,3.9,7.8,-0.1,128,15.7,142.7,Fall
12/1/1966,-3.2,0.5,-6.9,71.4,15.2,84.8,Winter
1/1/1967,-3.5,0.8,-7.7,12.2,55.1,55.4,Winter
2/1/1967,-8.7,-3.1,-14.2,13,41.4,42.4,Winter
3/1/1967,-2.5,2.1,-7.1,3.3,23.1,21.1,Spring
4/1/1967,6.1,11.5,0.7,85.1,14,99.1,Spring
5/1/1967,8.5,14.1,2.9,48.8,0.3,49,Spring
6/1/1967,19.3,25.4,13.1,150.9,0,150.9,Summer
7/1/1967,18.9,24.5,13.3,65,0,65,Summer
8/1/1967,17.9,23.9,11.9,45.7,0,45.7,Summer
9/1/1967,14.2,21.2,7.1,68.1,0,68.1,Fall
10/1/1967,8.8,13.5,4,75.2,0,75.2,Fall
11/1/1967,1.3,4.7,-2.2,35.8,3.6,39.4,Fall
12/1/1967,-1.9,1.9,-5.7,58.9,10.7,69.6,Winter
1/1/1968,-8.8,-4.5,-13.1,41.4,50,82,Winter
2/1/1968,-7.6,-3,-12.2,31,7.9,37.8,Winter
3/1/1968,0.3,5.3,-4.7,33.3,38.4,57.4,Spring
4/1/1968,7.6,14.2,0.9,30.2,0,30.2,Spring
5/1/1968,9.7,15.1,4.2,101.3,0,101.3,Spring
6/1/1968,16.4,22.3,10.4,57.9,0,57.9,Summer
7/1/1968,19.5,26.3,12.6,58.2,0,58.2,Summer
8/1/1968,18.7,25,12.4,163.6,0,163.6,Summer
9/1/1968,16.6,21.8,11.3,88.1,0,88.1,Fall
10/1/1968,10.1,15.4,4.7,41.1,0,41.1,Fall
11/1/1968,2.6,6.2,-1.1,87.1,6.6,93.2,Fall
12/1/1968,-4.8,-0.7,-8.9,27.9,39.4,80,Winter
1/1/1969,-6.5,-2.2,-10.8,37.1,17,50.3,Winter
2/1/1969,-5.1,-0.9,-9.3,0.8,13.5,15.7,Winter
3/1/1969,-1.8,2.6,-6.1,26.7,6.6,35.6,Spring
4/1/1969,6.8,12.8,0.8,89.9,0,89.9,Spring
5/1/1969,11.2,17.7,4.7,75.4,0,75.4,Spring
6/1/1969,15.9,21.8,9.9,38.9,0,38.9,Summer
7/1/1969,20.1,26.4,13.8,107.4,0,107.4,Summer
8/1/1969,20.9,27.4,14.3,56.6,0,56.6,Summer
9/1/1969,15.6,21.9,9.3,15,0,15,Fall
10/1/1969,8.3,13.8,2.7,39.4,12.4,49,Fall
11/1/1969,3.3,6.7,-0.1,64,7.4,71.1,Fall
12/1/1969,-6.3,-2.1,-10.4,18.8,50.5,61.2,Winter
1/1/1970,-10.9,-5.9,-15.8,1.3,37.6,25.7,Winter
2/1/1970,-6.6,-1.6,-11.6,5.1,23.9,29.7,Winter
3/1/1970,-2.3,1.9,-6.4,25.1,14.5,43.7,Spring
4/1/1970,6.6,12.3,0.9,71.4,7.4,81.3,Spring
5/1/1970,12,18.1,5.9,56.6,0,56.6,Spring
6/1/1970,17.1,23.9,10.3,38.1,0,38.1,Summer
7/1/1970,20.6,26.6,14.6,113.5,0,113.5,Summer
8/1/1970,19.7,26.1,13.2,113.3,0,113.3,Summer
9/1/1970,15.4,20.6,10.2,61.7,0,61.7,Fall
10/1/1970,10.1,14.8,5.4,63.8,0,63.8,Fall
11/1/1970,4.1,7.6,0.5,39.4,4.1,45,Fall
12/1/1970,-5.2,-1.3,-9,23.1,70.9,80.5,Winter
1/1/1971,-9.2,-4.5,-13.8,4.8,30.7,29.2,Winter
2/1/1971,-5.2,-1.4,-8.9,40.9,31.8,71.1,Winter
3/1/1971,-3.5,0.6,-7.5,4.8,32.3,33.5,Spring
4/1/1971,4.6,10.2,-1.1,24.6,1.5,24.9,Spring
5/1/1971,11.6,18.5,4.6,34.8,0,34.8,Spring
6/1/1971,17.9,24.2,11.5,77,0,77,Summer
7/1/1971,19,25.5,12.4,78.5,0,78.5,Summer
8/1/1971,18.8,25.6,12,126,0,126,Summer
9/1/1971,16.9,22.2,11.5,32.5,0,32.5,Fall
10/1/1971,12.6,17.9,7.2,37.6,0,37.6,Fall
11/1/1971,2.6,6.6,-1.5,19.3,16.5,35.1,Fall
12/1/1971,-1.3,3.1,-5.6,66,31.5,92.7,Winter
1/1/1972,-6,-1.3,-10.6,10.9,32.8,37.8,Winter
2/1/1972,-8,-2.8,-13.1,6.1,55.1,59.7,Winter
3/1/1972,-4.3,-0.1,-8.4,31.2,42.4,96.8,Spring
4/1/1972,2.8,8.1,-2.5,42.2,10.2,52.8,Spring
5/1/1972,13,19.8,6.2,35.3,0,35.3,Spring
6/1/1972,15.6,21.4,9.7,113,0,113,Summer
7/1/1972,19.8,26.2,13.3,34.5,0,34.5,Summer
8/1/1972,18.5,24.3,12.6,74.9,0,74.9,Summer
9/1/1972,15.4,21.7,9,84.1,0,84.1,Fall
10/1/1972,6.3,11.4,1.1,98.6,0.3,98.8,Fall
11/1/1972,1,4.2,-2.2,53.1,17.8,72.1,Fall
12/1/1972,-3.1,0.6,-6.8,54.6,46.2,95,Winter
1/1/1973,-4.3,-0.2,-8.3,19.6,14,34.3,Winter
2/1/1973,-7.6,-2.3,-12.9,19.3,19.8,36.3,Winter
3/1/1973,3.2,7.5,-1.1,112.3,8.9,121.2,Spring
4/1/1973,6.5,11.7,1.3,60.2,2.3,62.2,Spring
5/1/1973,10.9,16,5.7,87.9,0,87.9,Spring
6/1/1973,18.4,24.4,12.4,67.8,0,67.8,Summer
7/1/1973,20.8,27.3,14.2,62.5,0,62.5,Summer
8/1/1973,21.9,28.1,15.6,29.2,0,29.2,Summer
9/1/1973,15.7,22.6,8.7,53.3,0,53.3,Fall
10/1/1973,10.7,15.8,5.5,124.7,0,124.7,Fall
11/1/1973,3.6,7.4,-0.2,91.4,1.8,93,Fall
12/1/1973,-4.5,-0.7,-8.2,37.8,45.5,76.5,Winter
1/1/1974,-5.9,-1.6,-10.2,34.3,35.6,66.8,Winter
2/1/1974,-8,-3.2,-12.7,23.9,25.7,45.2,Winter
3/1/1974,-1,3.3,-5.2,41.1,17.3,56.9,Spring
4/1/1974,7,13,1,90.7,1.5,92.2,Spring
5/1/1974,9.9,15.7,4,140,0,140,Spring
6/1/1974,16.6,22.3,10.9,127.3,0,127.3,Summer
7/1/1974,20.3,26.7,13.9,58.7,0,58.7,Summer
8/1/1974,19.7,26.5,12.8,14.5,0,14.5,Summer
9/1/1974,13.9,20.4,7.3,46.5,0,46.5,Fall
10/1/1974,7.1,13.3,0.8,24.1,0,24.1,Fall
11/1/1974,3.1,6.9,-0.7,72.6,2.3,74.7,Fall
12/1/1974,-1.3,1.6,-4.2,16.3,28.4,45.5,Winter
1/1/1975,-3.4,1,-7.7,40.9,16,51.6,Winter
2/1/1975,-3.9,-0.5,-7.3,47,31.8,72.4,Winter
3/1/1975,-2.5,1.7,-6.6,44.5,18.8,63.8,Spring
4/1/1975,2.8,7.7,-2.2,42.2,27.2,69.6,Spring
5/1/1975,15.5,21.6,9.3,64.3,0,64.3,Spring
6/1/1975,18.1,23.8,12.4,62.5,0,62.5,Summer
7/1/1975,21.6,28.3,14.9,51.3,0,51.3,Summer
8/1/1975,19.9,25.9,13.9,109,0,109,Summer
9/1/1975,13.1,18.4,7.8,65.3,0,65.3,Fall
10/1/1975,9.4,14.7,4.1,54.9,0,54.9,Fall
11/1/1975,6.4,10.9,1.9,52.8,2.5,54.9,Fall
12/1/1975,-4.9,-0.1,-9.6,27.4,60.7,69.9,Winter
1/1/1976,-10.1,-4.2,-16,11.9,47.8,52.3,Winter
2/1/1976,-2.8,1.8,-7.3,52.8,6.6,59.2,Winter
3/1/1976,0.2,5,-4.7,64.8,27.7,116.3,Spring
4/1/1976,7.7,13.7,1.6,47.8,15.2,72.1,Spring
5/1/1976,10.6,16.3,4.9,112.3,2.3,114.6,Spring
6/1/1976,18.6,24.9,12.3,83.3,0,83.3,Summer
7/1/1976,18.6,24.3,12.9,81.8,0,81.8,Summer
8/1/1976,18.6,24.9,12.2,64.8,0,64.8,Summer
9/1/1976,14.4,20.5,8.3,69.9,0,69.9,Fall
10/1/1976,6.1,10.9,1.2,59.4,4.1,64.5,Fall
11/1/1976,0.2,4.4,-4.1,7.4,5.3,11.7,Fall
12/1/1976,-7.5,-2.8,-12.2,12.7,38.4,36.1,Winter
1/1/1977,-11.7,-7.5,-15.9,0,49.3,36.9,Winter
2/1/1977,-6,-2.2,-9.8,20.4,7.2,26.3,Winter
3/1/1977,2.2,7,-2.7,57,17.2,71.9,Spring
4/1/1977,7.4,13.5,1.2,69.6,0.7,70.3,Spring
5/1/1977,14.5,21.9,7,28.3,0,28.3,Spring
6/1/1977,16.7,23,10.3,104,0,104,Summer
7/1/1977,20.5,26.3,14.6,118.5,0,118.5,Summer
8/1/1977,18,23.7,12.3,103.3,0,103.3,Summer
9/1/1977,15.1,19.3,10.9,154.2,0,154.2,Fall
10/1/1977,8,13.1,2.9,69.4,0,69.4,Fall
11/1/1977,4,7.4,0.6,77.9,6.6,85.9,Fall
12/1/1977,-4.5,-0.8,-8.1,50.3,58.7,102.3,Winter
1/1/1978,-8.6,-4.8,-12.4,30.4,50.8,69.2,Winter
2/1/1978,-9.9,-5.3,-14.5,0,15.5,9.1,Winter
3/1/1978,-3.9,0.4,-8.1,31.5,9.3,39.8,Spring
4/1/1978,4,9.3,-1.4,61.7,2.2,63.9,Spring
5/1/1978,13.2,19.1,7.3,68.2,0,68.2,Spring
6/1/1978,16.7,23.8,9.6,25.2,0,25.2,Summer
7/1/1978,20.4,27.3,13.5,42.5,0,42.5,Summer
8/1/1978,19.7,26.3,13,63.6,0,63.6,Summer
9/1/1978,14.6,20.3,8.9,134.3,0,134.3,Fall
10/1/1978,8.2,13.5,2.8,56.2,0,56.2,Fall
11/1/1978,3,7.7,-1.8,44.4,11.6,52.9,Fall
12/1/1978,-2.8,1,-6.5,40.3,21.6,61.1,Winter
1/1/1979,-7.7,-4.1,-11.3,32.4,41.1,69.6,Winter
2/1/1979,-10.8,-6.5,-15.1,12,27.6,33.5,Winter
3/1/1979,1.6,6.5,-3.3,45.6,3,48.1,Spring
4/1/1979,5.3,10.2,0.4,62.2,25.8,88.6,Spring
5/1/1979,11.4,17.2,5.6,99.2,0,99.2,Spring
6/1/1979,17.2,23.6,10.8,71.8,0,71.8,Summer
7/1/1979,20.5,26.9,14,68,0,68,Summer
8/1/1979,18.6,24.3,12.8,74.2,0,74.2,Summer
9/1/1979,14.9,21.6,8.2,44.5,0,44.5,Fall
10/1/1979,8.5,12.6,4.4,84.2,0,84.2,Fall
11/1/1979,3.7,7.8,-0.4,94.7,1,96.5,Fall
12/1/1979,-1.1,2.7,-4.9,84.4,24.3,101,Winter
1/1/1980,-5.1,-1.3,-8.8,30.6,10.9,37.8,Winter
2/1/1980,-7.8,-3.3,-12.3,6,13.8,16.1,Winter
3/1/1980,-2,2.2,-6.1,54.1,29.4,82.8,Spring
4/1/1980,6.2,11.2,1.1,111.6,0.3,111.9,Spring
5/1/1980,13.8,20.3,7.3,48.7,0,48.7,Spring
6/1/1980,15.2,21,9.3,89.2,0,89.2,Summer
7/1/1980,20.4,26.3,14.5,182.3,0,182.3,Summer
8/1/1980,21.3,26.7,15.8,37.3,0,37.3,Summer
9/1/1980,15,21,9,53.1,0,53.1,Fall
10/1/1980,7,11,3,88.7,0,88.7,Fall
11/1/1980,2.1,5.6,-1.5,26.5,10.6,35.3,Fall
12/1/1980,-6.6,-1.6,-11.5,37.6,29.2,64.7,Winter
1/1/1981,-10.2,-5.6,-14.8,0,14.8,11.9,Winter
2/1/1981,-2.1,2.1,-6.2,45.4,19.5,66.2,Winter
3/1/1981,0,4.9,-4.9,12.4,7.3,17.8,Spring
4/1/1981,7.6,13.4,1.7,49.3,0.4,49.7,Spring
5/1/1981,11.8,18.1,5.4,58.1,0,58.1,Spring
6/1/1981,17.3,23.3,11.3,61.5,0,61.5,Summer
7/1/1981,20.6,26.8,14.4,66.6,0,66.6,Summer
8/1/1981,19.4,24.6,14.1,128.5,0,128.5,Summer
9/1/1981,14.3,18.9,9.7,103.3,0,103.3,Fall
10/1/1981,6.5,10.8,2.1,126.1,6.1,134.9,Fall
11/1/1981,3.4,7.6,-0.8,56.1,1.7,57.8,Fall
12/1/1981,-2.9,0.4,-6.2,9,20.8,34,Winter
1/1/1982,-10.1,-5.1,-15,20.4,44,54.3,Winter
2/1/1982,-7.6,-3.2,-11.9,1.8,27.2,28.3,Winter
3/1/1982,-2,2.3,-6.3,41.7,24.6,64.8,Spring
4/1/1982,4.7,10.6,-1.3,39.4,4.6,43.1,Spring
5/1/1982,14.3,20.1,8.4,45.1,0,45.1,Spring
6/1/1982,15.2,20.3,10.1,112.5,0,112.5,Summer
7/1/1982,20.9,27.4,14.4,31.1,0,31.1,Summer
8/1/1982,17.3,23.2,11.4,120.1,0,120.1,Summer
9/1/1982,14.8,20.1,9.5,128.9,0,128.9,Fall
10/1/1982,9.7,15,4.3,43.5,0,43.5,Fall
11/1/1982,3.9,7.6,0.2,94,1,94.8,Fall
12/1/1982,0.7,4.7,-3.3,56.8,30.4,80.9,Winter
1/1/1983,-4.1,-0.3,-7.9,21.5,13,33.7,Winter
2/1/1983,-3.1,0.8,-6.9,34.7,7.7,40.6,Winter
3/1/1983,0.6,4.5,-3.4,59.3,17.4,77.3,Spring
4/1/1983,5.5,10.1,0.8,82,2,83.2,Spring
5/1/1983,10.1,15.5,4.6,99.5,0,99.5,Spring
6/1/1983,18.3,25,11.6,33,0,33,Summer
7/1/1983,22.3,29,15.6,18.3,0,18.3,Summer
8/1/1983,21.1,26.9,15.2,112.2,0,112.2,Summer
9/1/1983,16.7,23.2,10.2,54.9,0,54.9,Fall
10/1/1983,8.9,13.8,3.9,71.8,0,71.8,Fall
11/1/1983,3.3,7.2,-0.6,78.9,11.9,89.1,Fall
12/1/1983,-6.4,-2.8,-9.9,46.2,36.3,82,Winter
1/1/1984,-9.7,-5,-14.3,3.6,33.4,30.2,Winter
2/1/1984,-1.5,2.5,-5.5,39.2,24.4,59,Winter
3/1/1984,-4.6,-0.1,-9.1,35.4,24.5,59.5,Spring
4/1/1984,7.2,12,2.3,56.5,1.6,58.7,Spring
5/1/1984,10.3,15.6,5,102.8,0,102.8,Spring
6/1/1984,18.2,24.3,12,48.1,0,48.1,Summer
7/1/1984,19.8,25.9,13.6,63.3,0,63.3,Summer
8/1/1984,21.1,27.2,14.9,63.8,0,63.8,Summer
9/1/1984,13.9,19.4,8.3,74.7,0,74.7,Fall
10/1/1984,10.3,15.2,5.4,26.1,0,26.1,Fall
11/1/1984,2.7,7.3,-1.9,69.3,0.6,69.9,Fall
12/1/1984,-0.2,4,-4.3,41.2,19.4,61.3,Winter
1/1/1985,-8.4,-4.4,-12.4,11.4,56,76.6,Winter
2/1/1985,-5.8,-1.7,-9.9,36.5,41,83.1,Winter
3/1/1985,0.3,5.3,-4.7,45.6,28.6,78.6,Spring
4/1/1985,7.3,12.9,1.6,27.5,5.6,33.1,Spring
5/1/1985,13.1,19.6,6.6,75.9,0,75.9,Spring
6/1/1985,15.7,21.6,9.7,37.3,0,37.3,Summer
7/1/1985,19.6,25.5,13.6,91.5,0,91.5,Summer
8/1/1985,19.4,25.1,13.6,152.5,0,152.5,Summer
9/1/1985,17,22.7,11.3,57.6,0,57.6,Fall
10/1/1985,9.4,14.5,4.3,52.3,0,52.3,Fall
11/1/1985,3.4,6.1,0.7,149.6,11,161.8,Fall
12/1/1985,-4.6,-1.5,-7.7,13.9,25.2,35.9,Winter
1/1/1986,-5.6,-1.6,-9.5,14.9,18.8,26.5,Winter
2/1/1986,-6.1,-2.8,-9.4,12.8,20.2,32,Winter
3/1/1986,0.6,5.5,-4.4,34.6,14.4,48.8,Spring
4/1/1986,7.6,13.1,2,51.6,2.2,54,Spring
5/1/1986,14.3,20,8.5,75.2,0,75.2,Spring
6/1/1986,16.4,22.6,10.1,67.4,0,67.4,Summer
7/1/1986,21,26.4,15.6,122.3,0,122.3,Summer
8/1/1986,18.4,24.4,12.4,146.2,0,146.2,Summer
9/1/1986,14.7,19.5,9.9,212.3,0,212.3,Fall
10/1/1986,8.7,13.9,3.5,54.8,0,54.8,Fall
11/1/1986,1.6,5.9,-2.7,27.8,14.2,44.4,Fall
12/1/1986,-1.2,1.7,-4.1,53.7,13.2,67.3,Winter
1/1/1987,-4.6,-1,-8.2,0.6,58.4,56.6,Winter
2/1/1987,-5.8,-0.7,-10.8,3.8,10,14.8,Winter
3/1/1987,1.8,7.6,-4,31.8,14.4,44.2,Spring
4/1/1987,8.8,14.2,3.3,43.6,5,49.8,Spring
5/1/1987,14.7,21.4,7.9,29.6,0,29.6,Spring
6/1/1987,19.6,26,13.1,68.3,0,68.3,Summer
7/1/1987,22.5,27.9,17.1,108.1,0,108.1,Summer
8/1/1987,19.6,25.4,13.7,52.3,0,52.3,Summer
9/1/1987,15.5,20.6,10.3,108,0,108,Fall
10/1/1987,7,12.2,1.8,47.1,1,48.1,Fall
11/1/1987,3.4,7.8,-1,77.8,5.6,83.4,Fall
12/1/1987,-0.3,2.6,-3.1,32.6,12.6,47.4,Winter
1/1/1988,-4.5,-0.1,-8.9,16.9,4.8,21.5,Winter
2/1/1988,-6.8,-1.8,-11.7,12,52,64.6,Winter
3/1/1988,-0.8,3.8,-5.3,21.2,2.4,23.6,Spring
4/1/1988,5.9,10.7,1.1,55.2,0,55.2,Spring
5/1/1988,13.9,20.2,7.6,39.6,0,39.6,Spring
6/1/1988,17.7,25,10.4,25,0,25,Summer
7/1/1988,22.9,29.7,16.1,109.7,0,109.7,Summer
8/1/1988,21.4,27.4,15.3,37.2,0,37.2,Summer
9/1/1988,15.5,21.2,9.7,70.6,0,70.6,Fall
10/1/1988,7.2,11.6,2.7,67.4,0,67.4,Fall
11/1/1988,4.5,8,1,58.1,0,58.1,Fall
12/1/1988,-2.8,1.5,-7.1,18.6,15.6,31.5,Winter
1/1/1989,-2.2,1.9,-6.2,18.8,11.2,25.9,Winter
2/1/1989,-6.5,-2.3,-10.6,0.8,22,19,Winter
3/1/1989,-2.1,2.6,-6.7,14.6,16.8,37.1,Spring
4/1/1989,5.1,10.3,-0.2,36.6,6,41.1,Spring
5/1/1989,13,18.5,7.4,78.2,0.6,79.2,Spring
6/1/1989,18.4,23.5,13.3,94.7,0,94.7,Summer
7/1/1989,21.5,27.7,15.2,70.4,0,70.4,Summer
8/1/1989,19.7,25.4,13.9,39.6,0,39.6,Summer
9/1/1989,15.7,21.5,9.9,44.1,0,44.1,Fall
10/1/1989,9.8,15.4,4.2,76,0,76.2,Fall
11/1/1989,1.9,6.5,-2.8,78.3,5,78.5,Fall
12/1/1989,-10.1,-5.4,-14.7,3.6,30.6,23.8,Winter
1/1/1990,-0.8,2.8,-4.3,23.1,12.8,36.7,Winter
2/1/1990,-3.5,1,-8,47,26,76.9,Winter
3/1/1990,0.7,5.1,-3.8,24.7,4.4,28.7,Spring
4/1/1990,8.3,13.7,2.8,50.8,2.6,53,Spring
5/1/1990,11.6,17.3,5.9,86.6,0,86.6,Spring
6/1/1990,18.7,24.6,12.7,69.4,0,69.4,Summer
7/1/1990,20.9,26.6,15.1,68.4,0,68.4,Summer
8/1/1990,20.3,25.7,14.9,112.6,0,112.6,Summer
9/1/1990,15.3,20.8,9.8,42.8,0,42.8,Fall
10/1/1990,9.5,14.6,4.3,87.8,0,87.8,Fall
11/1/1990,4.6,9.3,-0.2,38.6,1.6,39.6,Fall
12/1/1990,-1,3.3,-5.2,81.5,28.8,112.8,Winter
1/1/1991,-5.7,-1.7,-9.7,11.3,24.6,33.6,Winter
2/1/1991,-2.4,1.9,-6.7,2.9,24,23.5,Winter
3/1/1991,1.6,6.1,-2.8,88,9.4,98.1,Spring
4/1/1991,8.7,13.4,3.9,114.7,0.4,115.4,Spring
5/1/1991,16.3,22.3,10.3,83.6,0,83.6,Spring
6/1/1991,20,26.2,13.8,24.4,0,24.4,Summer
7/1/1991,21.7,27.5,15.8,91,0,91,Summer
8/1/1991,21.1,26.6,15.5,91.4,0,91.4,Summer
9/1/1991,14.9,21,8.7,52.1,0,52.1,Fall
10/1/1991,10.4,15.4,5.3,46.3,0,46.3,Fall
11/1/1991,2.4,6.4,-1.5,42.5,18.2,56.3,Fall
12/1/1991,-2.4,2.2,-6.9,13.4,34,44.7,Winter
1/1/1992,-4.2,-0.8,-7.6,13.6,26.6,37.2,Winter
2/1/1992,-3.9,0,-7.8,23.6,10,35,Winter
3/1/1992,-1.1,3.5,-5.8,16.5,6.6,21.7,Spring
4/1/1992,5.6,9.9,1.2,133.4,0.6,133.8,Spring
5/1/1992,12.3,18.3,6.3,69.7,0,69.7,Spring
6/1/1992,16.4,22.6,10.1,37.2,0,37.2,Summer
7/1/1992,18,22.9,13.1,134.5,0,134.5,Summer
8/1/1992,17.9,23,12.8,154.4,0,154.4,Summer
9/1/1992,14.7,20.2,9.1,98.4,0,98.4,Fall
10/1/1992,7.4,12.5,2.3,65.2,0.4,66,Fall
11/1/1992,2.8,5.9,-0.3,94.4,13.6,107.2,Fall
12/1/1992,-1.6,1.4,-4.7,24.3,35,56.3,Winter
1/1/1993,-4,-0.1,-7.8,43.1,27.2,70.6,Winter
2/1/1993,-8.4,-3.3,-13.4,0,31.8,26.6,Winter
3/1/1993,-2,2.6,-6.7,6.6,28,31,Spring
4/1/1993,6.6,11.6,1.5,83.8,1.6,85.4,Spring
5/1/1993,12.1,18.4,5.8,51.6,0,51.6,Spring
6/1/1993,17.1,22.6,11.6,133.8,0,133.8,Summer
7/1/1993,21.7,27.2,16,87.7,0,87.7,Summer
8/1/1993,21.1,27,15.1,39.9,0,39.9,Summer
9/1/1993,13.6,19.1,8.1,59.2,0,59.2,Fall
10/1/1993,7.9,13.3,2.4,70,0.8,71,Fall
11/1/1993,3.1,6.9,-0.8,61.4,3.8,65.2,Fall
12/1/1993,-2.7,1.1,-6.4,20.4,8.8,28.8,Winter
1/1/1994,-12.4,-7.3,-17.4,30.6,37.8,61,Winter
2/1/1994,-8.3,-3.6,-13,0,24.8,20.2,Winter
3/1/1994,-0.8,3.4,-4.9,23.8,29,51.2,Spring
4/1/1994,7.3,12.9,1.7,83.4,13.2,96,Spring
5/1/1994,11.8,17.6,5.9,78.8,0,78.8,Spring
6/1/1994,19.1,24.9,13.2,54.4,0,54.4,Summer
7/1/1994,21.5,27.3,15.7,83,0,83,Summer
8/1/1994,18.7,24.4,13,60.1,0,60.1,Summer
9/1/1994,15.9,21.5,10.2,51.4,0,51.4,Fall
10/1/1994,10,15.4,4.4,27.4,0,27.4,Fall
11/1/1994,5.4,9.8,0.9,76.7,9.2,84.9,Fall
12/1/1994,-0.1,3.7,-4,23.8,27,51.4,Winter
1/1/1995,-3.1,0.1,-6.2,110,24.6,133.3,Winter
2/1/1995,-7.3,-2.7,-11.8,8.8,14.6,20.8,Winter
3/1/1995,1.9,7.2,-3.4,43.2,8,50.8,Spring
4/1/1995,4.1,8.8,-0.6,71.8,5.4,76.6,Spring
5/1/1995,13.3,19,7.6,87,0,87,Spring
6/1/1995,19.9,25.5,14.4,52.1,0,52.1,Summer
7/1/1995,21.9,27.4,16.3,55.4,0,55.4,Summer
8/1/1995,21.8,27,16.6,135.4,0,135.4,Summer
9/1/1995,14,20.1,7.8,27.5,0,27.5,Fall
10/1/1995,11,15.4,6.6,131.8,0,131.8,Fall
11/1/1995,1,3.9,-2,92.6,27.2,121.6,Fall
12/1/1995,-5.1,-1.8,-8.5,5,30.6,35.8,Winter
1/1/1996,-6.7,-2.1,-11.2,51.2,25,72.6,Winter
2/1/1996,-5.8,-2.1,-9.5,26,10.6,38.2,Winter
3/1/1996,-2.8,1.9,-7.5,2.2,34.4,36.2,Spring
4/1/1996,4.4,8.9,-0.2,81.6,17.4,101.6,Spring
5/1/1996,11.6,17.1,6.1,90.6,0,90.6,Spring
6/1/1996,18.6,23.1,14.1,118,0,118,Summer
7/1/1996,19.6,24.8,14.3,97.4,0,97.4,Summer
8/1/1996,20.7,26.3,15.2,48.2,0,48.2,Summer
9/1/1996,16.5,21.1,11.9,166.2,0,166.2,Fall
10/1/1996,9.2,13.6,4.7,75.8,0,75.8,Fall
11/1/1996,0.9,4.1,-2.3,23.4,6.8,29.8,Fall
12/1/1996,-0.4,2.5,-3.3,66.2,28.2,95.2,Winter
1/1/1997,-6.4,-1.8,-10.9,18.2,48.8,64.6,Winter
2/1/1997,-3.2,1.4,-7.7,62,16.4,78.6,Winter
3/1/1997,-1.4,2.7,-5.4,29.8,41.6,69.8,Spring
4/1/1997,5.8,11.2,0.4,25.2,2.6,29.2,Spring
5/1/1997,9.6,14.9,4.2,65.4,0,65.4,Spring
6/1/1997,19.8,25.5,14,50.8,0,50.8,Summer
7/1/1997,20.9,26.8,15,30,0,30,Summer
8/1/1997,19,24.4,13.4,71.8,0,71.8,Summer
9/1/1997,15.5,20.9,10,48,0,48,Fall
10/1/1997,9.5,14.7,4.2,32.2,2.8,35.2,Fall
11/1/1997,2.5,5.9,-1,35.2,19.2,55,Fall
12/1/1997,-0.9,2.2,-4,17,12.2,30.2,Winter
1/1/1998,-2.2,1,-5.3,72.8,24,97.2,Winter
2/1/1998,-0.3,3.4,-4,43.8,1.4,45.8,Winter
3/1/1998,2.1,6.4,-2.1,72.4,28,98.4,Spring
4/1/1998,8.6,14.4,2.8,57.2,0,57.2,Spring
5/1/1998,17,22.5,11.5,71.8,0,71.8,Spring
6/1/1998,18.9,24.4,13.4,80.5,0,80.5,Summer
7/1/1998,21.2,27,15.4,45.4,0,45.4,Summer
8/1/1998,21.7,27.6,15.7,26.8,0,26.8,Summer
9/1/1998,18.2,24.7,11.6,38.4,0,38.4,Fall
10/1/1998,10.8,15.8,5.7,24,0,24,Fall
11/1/1998,4.9,8.6,1.1,33.6,0,33.6,Fall
12/1/1998,0.7,5.1,-3.6,55.2,8.1,63,Winter
1/1/1999,-6.2,-2.3,-10.1,33,79.6,107,Winter
2/1/1999,-1.6,2.4,-5.6,24,3.4,27.4,Winter
3/1/1999,0.2,4.7,-4.3,0.6,21.4,23.4,Spring
4/1/1999,8.1,13.1,3.1,43.3,3.6,48.9,Spring
5/1/1999,15.5,21.2,9.7,39,0,39,Spring
6/1/1999,20.4,25.7,15,66.2,0,66.2,Summer
7/1/1999,24.3,30,18.6,44.4,0,44.4,Summer
8/1/1999,20.3,24.9,15.6,59,0,59,Summer
9/1/1999,18,23.3,12.6,80,0,80,Fall
10/1/1999,9.4,14.1,4.5,61.8,0,61.8,Fall
11/1/1999,5.8,9.6,1.9,77,1.2,78.2,Fall
12/1/1999,-0.7,3.1,-4.4,17.4,8.6,26.5,Winter
1/1/2000,-5.8,-1.1,-10.5,16.4,17,29.2,Winter
2/1/2000,-3.1,1.1,-7.4,15.4,39.1,48.4,Winter
3/1/2000,4.5,9.4,-0.4,10.2,7.8,18.8,Spring
4/1/2000,6.7,11.2,2.2,72.4,7.6,79.3,Spring
5/1/2000,14.3,19.3,9.2,124.4,0,124.4,Spring
6/1/2000,18.2,23.6,12.8,169.2,0,169.2,Summer
7/1/2000,20.1,24.9,15.2,33.8,0,33.8,Summer
8/1/2000,20.6,25.8,15.4,38,0,38,Summer
9/1/2000,15.9,21.1,10.6,70,0,70,Fall
10/1/2000,11.2,16.2,6.1,17.6,0,17.6,Fall
11/1/2000,3.6,7.2,0,55,0.4,55.6,Fall
12/1/2000,-7.2,-3,-11.3,12.8,63.8,71.4,Winter
1/1/2001,-4.1,-0.6,-7.5,21,10.8,31.2,Winter
2/1/2001,-3,0.6,-6.5,55.6,36,94,Winter
3/1/2001,-0.3,3.2,-3.8,8.8,26.4,31.4,Spring
4/1/2001,8.3,13.9,2.5,35.8,0.6,36.4,Spring
5/1/2001,14.8,20.2,9.3,92.2,0,92.2,Spring
6/1/2001,19.7,24.7,14.5,61.8,0,61.8,Summer
7/1/2001,21,26.2,15.6,34,0,34,Summer
8/1/2001,23.2,28.8,17.5,34.6,0,34.6,Summer
9/1/2001,16.7,22.1,11.3,50.4,0,50.4,Fall
10/1/2001,10.6,15,6.1,108.8,0,108.8,Fall
11/1/2001,7.1,11.3,2.9,75,0,75,Fall
12/1/2001,1.7,5.1,-1.7,33,7.8,40.6,Winter
1/1/2002,-0.5,2.7,-3.7,14.6,31.4,46.2,Winter
2/1/2002,-1.3,2.9,-5.5,29.6,7,38.4,Winter
3/1/2002,0.4,4.8,-4,44.1,17.6,61.3,Spring
4/1/2002,7.3,11.8,2.7,88.8,12.2,103.2,Spring
5/1/2002,10.9,16.3,5.4,80.7,0,80.7,Spring
6/1/2002,19.1,24.5,13.7,59.6,0,59.6,Summer
7/1/2002,24.2,30.1,18.3,59,0,59,Summer
8/1/2002,22.6,28.4,16.8,11.6,0,11.6,Summer
9/1/2002,20.2,25.9,14.4,59.2,0,59.2,Fall
10/1/2002,8.9,13.1,4.6,43,0,43,Fall
11/1/2002,3.2,6.6,-0.2,42.2,27.2,67.2,Fall
12/1/2002,-2,1.7,-5.7,14.2,19.5,32.5,Winter
1/1/2003,-8.3,-4.2,-12.3,0,41.4,35.4,Winter
2/1/2003,-7,-2.4,-11.5,22.6,23.6,46.8,Winter
3/1/2003,-0.7,4.6,-6.1,27.8,23.8,50,Spring
4/1/2003,5.7,10.9,0.4,21.6,15.2,60.8,Spring
5/1/2003,12.3,17,7.5,152.8,0,152.8,Spring
6/1/2003,18.3,23.6,13,63.8,0,63.8,Summer
7/1/2003,21.8,27.1,16.5,66.2,0,66.2,Summer
8/1/2003,22.1,27.2,16.9,53.4,0,53.4,Summer
9/1/2003,17,22,11.9,114.2,0,114.2,Fall
10/1/2003,9.1,13.9,4.2,49.4,0,49.4,Fall
11/1/2003,4.7,8.4,1,135.2,6.4,141.2,Fall
12/1/2003,-0.1,3.2,-3.5,45,19.2,61.6,Winter
1/1/2004,-9.4,-5.2,-13.5,4.8,63.2,49.6,Winter
2/1/2004,-3.8,0.5,-8,5.4,17.2,20.8,Winter
3/1/2004,2.3,6.1,-1.6,51.8,14.2,63.4,Spring
4/1/2004,7,11.9,2,63.6,0.6,64.2,Spring
5/1/2004,13.2,18.4,7.8,98.8,0,98.8,Spring
6/1/2004,17.6,23,12.1,62.8,0,62.8,Summer
7/1/2004,20.7,25.2,16.1,119.8,0,119.8,Summer
8/1/2004,19.5,24.4,14.6,60,0,60,Summer
9/1/2004,18.4,23.8,12.9,25.2,0,25.2,Fall
10/1/2004,10.7,15,6.4,35.2,0,35.2,Fall
11/1/2004,5.4,9.2,1.5,62,2.8,64.8,Fall
12/1/2004,-2.8,1.2,-6.7,53.9,36.9,90.4,Winter
1/1/2005,-6.8,-2.8,-10.9,37.8,33.2,70.4,Winter
2/1/2005,-4,0.2,-8.2,43,33.4,75.6,Winter
3/1/2005,-1.6,2.6,-5.9,9.6,25.6,32.8,Spring
4/1/2005,7.8,12.8,2.7,81.2,16.2,97.6,Spring
5/1/2005,11.9,17.2,6.6,14.4,0,14.4,Spring
6/1/2005,22.6,27.9,17.3,31.8,0,31.8,Summer
7/1/2005,24.1,29.9,18.3,20.4,0,20.4,Summer
8/1/2005,22.5,27.7,17.3,135.6,0,135.6,Summer
9/1/2005,19,24.5,13.4,79.6,0,79.6,Fall
10/1/2005,11.1,15,7.2,47.4,0,47.4,Fall
11/1/2005,5.1,9.3,0.8,91.4,12.4,102.2,Fall
12/1/2005,-3.5,-0.7,-6.2,20,41.8,58.9,Winter
1/1/2006,0.2,3.8,-3.4,66.6,7.8,74.6,Winter
2/1/2006,-3.6,0,-7.2,53.8,21.6,74.8,Winter
3/1/2006,1.3,5.9,-3.2,47.8,1.4,48.8,Spring
4/1/2006,8.2,13.8,2.6,62.4,0,62.4,Spring
5/1/2006,14.4,19.7,9.1,82,0,82,Spring
6/1/2006,19.8,24.7,14.8,45.4,0,45.4,Summer
7/1/2006,23.4,28.6,18.2,105.2,0,105.2,Summer
8/1/2006,21.1,26,16.2,40.2,0,40.2,Summer
9/1/2006,15.7,19.9,11.5,77.6,0,77.6,Fall
10/1/2006,8.7,13.1,4.3,120.6,0,120.6,Fall
11/1/2006,5.3,8.9,1.6,71.7,0,71.7,Fall
12/1/2006,1.9,5.1,-1.5,60.6,1.6,62.4,Winter
1/1/2007,-2.9,0.6,-6.3,23.4,15.8,38.6,Winter
2/1/2007,-8.4,-4.6,-12.2,0,27.2,24.6,Winter
3/1/2007,0.4,4.9,-4.1,18.8,13.3,33.4,Spring
4/1/2007,6.1,10.5,1.7,58.4,2.4,60.8,Spring
5/1/2007,14.3,20.3,8.3,73.6,0,73.6,Spring
6/1/2007,20.8,26.9,14.6,43.2,0,43.2,Summer
7/1/2007,21.3,27,15.6,47.4,0,47.4,Summer
8/1/2007,22.4,28.1,16.7,20.8,0,20.8,Summer
9/1/2007,18.4,24.3,12.4,28.6,0,28.6,Fall
10/1/2007,14.2,19,9.4,41.2,0,41.2,Fall
11/1/2007,2.6,6.6,-1.5,73.6,11,87.8,Fall
12/1/2007,-2.3,0.6,-5.3,49.2,44.4,92.7,Winter
1/1/2008,-2.1,1.3,-5.5,35.6,22.8,58.2,Winter
2/1/2008,-5.3,-1.2,-9.3,30.6,76.8,107.6,Winter
3/1/2008,-1.7,2,-5.4,23.2,38,61.6,Spring
4/1/2008,9.5,15.2,3.8,53.6,1,54.6,Spring
5/1/2008,11.8,17.2,6.5,68.8,0,68.8,Spring
6/1/2008,19.6,24.5,14.7,110.4,0,110.4,Summer
7/1/2008,21.5,26.6,16.4,193.2,0,193.2,Summer
8/1/2008,19.7,24.6,14.7,92.6,0,92.6,Summer
9/1/2008,16.9,21.8,12,83.4,0,83.4,Fall
10/1/2008,9,14,4,39.6,0,39.6,Fall
11/1/2008,2.9,6.7,-0.8,69.9,13.1,79.8,Fall
12/1/2008,-3.1,1.1,-7.3,40,64.8,99.8,Winter
1/1/2009,-8.8,-4.5,-13,1,46,44.4,Winter
2/1/2009,-3.7,0.9,-8.2,48,24.4,73.6,Winter
3/1/2009,0.8,5.8,-4.2,68,0.6,68.8,Spring
4/1/2009,7.8,13,2.6,129.6,3.8,133.6,Spring
5/1/2009,13.1,18.9,7.2,60.8,0,60.8,Spring
6/1/2009,17.5,22.3,12.7,70.2,0,70.2,Summer
7/1/2009,19.2,24.2,14.2,84.8,0,84.8,Summer
8/1/2009,20.6,25.5,15.7,144,0,144,Summer
9/1/2009,16.9,21.9,11.8,40.2,0,40.2,Fall
10/1/2009,8.7,12.7,4.7,71,0,71,Fall
11/1/2009,6,10.3,1.6,32.2,0,32.2,Fall
12/1/2009,-2.4,0.9,-5.6,61,14.2,80.4,Winter
1/1/2010,-5.2,-1.9,-8.5,17,10.8,24.4,Winter
2/1/2010,-3.4,0,-6.7,0,27.4,24.8,Winter
3/1/2010,4.4,9.2,-0.5,62.6,0,62.6,Spring
4/1/2010,10.5,16.2,4.7,36.2,0,36.2,Spring
5/1/2010,16,21.5,10.5,51,0,51,Spring
6/1/2010,19.2,23.8,14.6,191.6,0,191.6,Summer
7/1/2010,23.3,28.5,18,89.6,0,89.6,Summer
8/1/2010,22.4,27.4,17.4,58.6,0,58.6,Summer
9/1/2010,16.4,21.2,11.6,88.2,0,88.2,Fall
10/1/2010,10.2,14.9,5.5,56.8,0.4,57.2,Fall
11/1/2010,4.5,9,0,66.2,0,66.2,Fall
12/1/2010,-3.8,-0.8,-6.7,30.2,7,36.8,Winter
1/1/2011,-7,-3.2,-10.8,11.4,43.8,42,Winter
2/1/2011,-5.4,-0.9,-9.8,13.9,45,47,Winter
3/1/2011,-0.5,3.7,-4.7,62.8,29.4,91.4,Spring
4/1/2011,6.9,11.8,2,93.4,3.2,96.6,Spring
5/1/2011,14.1,18.5,9.7,142,0,142,Spring
6/1/2011,19.1,24.2,14,59,0,59,Summer
7/1/2011,24.4,30.1,18.6,32.4,0,32.4,Summer
8/1/2011,21.9,27.2,16.6,72.2,0,72.2,Summer
9/1/2011,17.7,22.2,13.1,85,0,85,Fall
10/1/2011,10.5,14.7,6.2,119.2,0,119.2,Fall
11/1/2011,6.6,10.8,2.4,96.4,1.6,98,Fall
12/1/2011,0.8,4.4,-2.8,43.6,8.2,52,Winter
1/1/2012,-1.7,1.9,-5.3,37.6,16.2,54.2,Winter
2/1/2012,-0.3,3.1,-3.7,14.2,12.6,26.6,Winter
3/1/2012,6.7,12.4,1,15.6,2.4,18,Spring
4/1/2012,7.3,12.8,1.7,41.8,1.8,43.6,Spring
5/1/2012,16.6,22.1,11,44.4,0,44.4,Spring
6/1/2012,20.6,26.1,15.1,76.4,0,76.4,Summer
7/1/2012,24.3,30,18.6,100,0,100,Summer
8/1/2012,21.6,26.9,16.2,52.4,0,52.4,Summer
9/1/2012,16.4,21.5,11.2,121,0,121,Fall
10/1/2012,10.2,14.2,6.2,126.4,0,126.4,Fall
11/1/2012,3.5,7.4,-0.4,10.2,0,10.2,Fall
12/1/2012,0.8,4.1,-2.5,43.2,16.2,58.4,Winter
1/1/2013,-2.1,1.8,-6.1,54.2,14.4,66.4,Winter
2/1/2013,-4.6,-1,-8.1,23.9,65.3,92,Winter
3/1/2013,0.1,3.9,-3.7,13.8,8.2,21.6,Spring
4/1/2013,6,11,1,102.6,2.2,110.4,Spring
5/1/2013,15.2,21,9.4,75.6,0.4,76.2,Spring
6/1/2013,16.5,20.6,12.4,62.4,0,62.4,Summer
6/13/2013,19,23,14,11,0,11,Summer
6/14/2013,18,23,13,0,0,0,Summer
6/15/2013,18,26,10,0,0,0,Summer
6/16/2013,21,26,16,10,0,10,Summer
6/17/2013,20,25,15,0,0,0,Summer
6/18/2013,17,21,12,0,0,0,Summer
6/19/2013,15,19,10,0,0,0,Summer
6/20/2013,17,23,11,0,0,0,Summer
6/21/2013,20,26,15,0,0,0,Summer
6/22/2013,22,27,17,8,0,8,Summer
6/23/2013,25,32,19,0,0,0,Summer
6/24/2013,27,32,22,0,0,0,Summer
6/25/2013,25,29,21,4,0,4,Summer
6/26/2013,26,31,20,0,0,0,Summer
6/27/2013,22,25,19,0,0,0,Summer
6/28/2013,20,23,17,16,0,16,Summer
6/29/2013,20,24,17,0,0,0,Summer
6/30/2013,21,26,16,0,0,0,Summer
7/1/2013,20,24,16,0,0,0,Summer
7/2/2013,20,23,17,0,0,0,Summer
7/3/2013,22,27,18,1,0,1,Summer
7/4/2013,24,28,21,3,0,3,Summer
7/5/2013,,,,,,,Summer
7/6/2013,24,29,19,0,0,0,Summer
7/7/2013,24,28,21,27,0,27,Summer
7/8/2013,24,29,20,126,0,126,Summer
7/9/2013,23,25,20,1,0,1,Summer
7/10/2013,,,,,,,Summer
7/11/2013,21,25,16,0,0,0,Summer
7/12/2013,20,25,15,0,0,0,Summer
7/13/2013,22,27,16,0,0,0,Summer
7/14/2013,25,30,19,0,0,0,Summer
7/15/2013,27,31,22,0,0,0,Summer
7/16/2013,27,33,22,0,0,0,Summer
7/17/2013,30,35,24,0,0,0,Summer
7/18/2013,29,34,24,0,0,0,Summer
7/19/2013,28,35,21,9,0,9,Summer
7/20/2013,24,29,19,2,0,2,Summer
7/21/2013,19,23,16,0,0,0,Summer
7/22/2013,20,24,16,0,0,0,Summer
7/23/2013,22,29,16,0,0,0,Summer
7/24/2013,17,22,13,0,0,0,Summer
7/25/2013,18,23,13,0,0,0,Summer
7/26/2013,19,24,14,0,0,0,Summer
7/27/2013,,,,,,,Summer
7/28/2013,18,23,14,0,0,0,Summer
7/29/2013,17,22,13,0,0,0,Summer
7/30/2013,19,25,13,0,0,0,Summer
7/31/2013,20,25,15,13,0,13,Summer
8/1/2013,21,26,16,27,0,27,Summer
8/2/2013,20,26,14,3,0,3,Summer
8/3/2013,20,25,15,0,0,0,Summer
8/4/2013,18,23,12,0,0,0,Summer
8/5/2013,17,24,11,0,0,0,Summer
8/6/2013,20,24,16,0,0,0,Summer
8/7/2013,23,28,19,3,0,3,Summer
8/8/2013,23,27,19,0,0,0,Summer
8/9/2013,22,27,18,0,0,0,Summer
8/10/2013,19,23,14,0,0,0,Summer
8/11/2013,18,24,12,0,0,0,Summer
8/12/2013,19,23,14,0,0,0,Summer
8/13/2013,16,20,12,0,0,0,Summer
8/14/2013,17,22,12,0,0,0,Summer
8/15/2013,18,24,11,0,0,0,Summer
8/16/2013,19,25,13,0,0,0,Summer
8/17/2013,20,26,14,0,0,0,Summer
8/18/2013,21,27,15,0,0,0,Summer
8/19/2013,22,29,15,0,0,0,Summer
8/20/2013,23,30,17,0,0,0,Summer
8/21/2013,25,32,19,0,0,0,Summer
8/22/2013,24,29,19,0,0,0,Summer
8/23/2013,20,25,15,0,0,0,Summer
8/24/2013,19,24,14,0,0,0,Summer
8/25/2013,21,29,14,2,0,2,Summer
8/26/2013,23,25,21,17,0,17,Summer
8/27/2013,23,28,19,14,0,14,Summer
8/28/2013,25,28,21,0,0,0,Summer
8/29/2013,24,29,20,0,0,0,Summer
8/30/2013,25,29,20,2,0,2,Summer
8/31/2013,23,26,21,0,0,0,Summer
9/1/2013,22,25,20,1,0,1,Fall
9/2/2013,21,25,16,0,0,0,Fall
9/3/2013,17,22,13,0,0,0,Fall
9/4/2013,20,26,13,0,0,0,Fall
9/5/2013,13,18,8,0,0,0,Fall
9/6/2013,15,23,7,0,0,0,Fall
9/7/2013,18,21,15,18,0,18,Fall
9/8/2013,15,20,11,0,0,0,Fall
9/9/2013,15,21,10,0,0,0,Fall
9/10/2013,26,34,18,0,0,0,Fall
9/11/2013,27,33,21,3,0,3,Fall
9/12/2013,19,24,15,3,0,3,Fall
9/13/2013,,,,,,,Fall
9/14/2013,11,17,5,0,0,0,Fall
9/15/2013,15,19,10,2,0,2,Fall
9/16/2013,10,15,6,0,0,0,Fall
9/17/2013,10,16,5,0,0,0,Fall
9/18/2013,14,21,6,0,0,0,Fall
9/19/2013,16,22,9,0,0,0,Fall
9/20/2013,20,24,16,11,0,11,Fall
9/21/2013,15,20,10,26,0,26,Fall
9/22/2013,11,13,9,0,0,0,Fall
9/23/2013,12,16,7,0,0,0,Fall
9/24/2013,12,19,6,0,0,0,Fall
9/25/2013,15,22,8,0,0,0,Fall
9/26/2013,15,21,10,0,0,0,Fall
9/27/2013,15,20,11,0,0,0,Fall
9/28/2013,15,20,10,0,0,0,Fall
9/29/2013,17,21,13,1,0,1,Fall
9/30/2013,17,20,13,4,0,4,Fall
10/1/2013,18,25,11,0,0,0,Fall
10/2/2013,18,25,12,0,0,0,Fall
10/3/2013,15,21,8,1,0,1,Fall
10/4/2013,16,17,15,,0,,Fall
10/5/2013,15,17,13,2,0,2,Fall
10/6/2013,17,19,14,2,0,2,Fall
10/7/2013,13,19,7,9,0,9,Fall
10/8/2013,12,17,6,0,0,0,Fall
10/9/2013,12,18,7,0,0,0,Fall
10/10/2013,14,20,7,0,0,0,Fall
10/11/2013,13,20,6,0,0,0,Fall
10/12/2013,13,21,6,0,0,0,Fall
10/13/2013,,,,,,,Fall
10/14/2013,12,18,7,0,0,0,Fall
10/15/2013,12,17,6,0,0,0,Fall
10/16/2013,16,21,10,14,0,14,Fall
10/17/2013,13,16,10,8,0,8,Fall
10/18/2013,12,15,8,0,0,0,Fall
10/19/2013,,,,,,,Fall
10/20/2013,8,14,3,0,0,0,Fall
10/21/2013,12,16,7,8,0,8,Fall
10/22/2013,6,8,3,0,0,0,Fall
10/23/2013,5,9,1,0,0,0,Fall
10/24/2013,5,9,0,0,0,0,Fall
10/25/2013,6,10,2,1,0,1,Fall
10/26/2013,5,7,2,10,0,10,Fall
10/27/2013,5,9,2,0,0,0,Fall
10/28/2013,3,7,-2,0,0,0,Fall
10/29/2013,2,7,-3,0,0,0,Fall
10/30/2013,7,11,4,0,0,0,Fall
10/31/2013,11,18,4,,,,Fall
11/1/2013,12,16,7,2,0,2,Fall
11/2/2013,4,8,0,2,0,2,Fall
11/3/2013,1,4,-3,0,0,0,Fall
11/4/2013,0,5,-5,0,0,0,Fall
11/5/2013,7,12,2,0,0,0,Fall
11/6/2013,12,16,8,5,0,5,Fall
11/7/2013,5,8,2,0,0,0,Fall
11/8/2013,3,5,1,0,0,0,Fall
11/9/2013,5,10,0,0,0,0,Fall
11/10/2013,4,8,1,1,0,1,Fall
11/11/2013,1,6,-3,1,0,1,Fall
11/12/2013,-3,1,-6,0,0,0,Fall
11/13/2013,-2,4,-7,0,0,0,Fall
11/14/2013,5,11,0,0,0,0,Fall
11/15/2013,9,13,4,0,0,0,Fall
11/16/2013,8,12,4,0,0,0,Fall
11/17/2013,12,15,9,12,0,12,Fall
11/18/2013,6,11,1,1,0,1,Fall
11/19/2013,0,3,-3,0,0,0,Fall
11/20/2013,-1,4,-6,0,0,0,Fall
11/21/2013,4,7,1,2,0,2,Fall
11/22/2013,4,9,-1,5,0,5,Fall
11/23/2013,-6,0,-12,0,1,1,Fall
11/24/2013,-9,-5,-13,0,0,0,Fall
11/25/2013,-3,2,-8,0,0,0,Fall
11/26/2013,0,2,-1,0,2,3,Fall
11/27/2013,-4,1,-8,0,2,1,Fall
11/28/2013,-7,-3,-10,0,0,0,Fall
11/29/2013,-6,-2,-11,0,0,0,Fall
11/30/2013,-1,2,-4,0,0,0,Fall
12/1/2013,2,3,1,1,0,1,Winter
12/2/2013,1,3,-1,0,0,0,Winter
12/3/2013,0,4,-4,0,0,0,Winter
12/4/2013,3,5,1,3,0,3,Winter
12/5/2013,9,16,2,0,0,0,Winter
12/6/2013,0,2,-3,0,0,0,Winter
12/7/2013,-5,-1,-8,0,0,0,Winter
12/8/2013,-5,-1,-9,0,0,0,Winter
12/9/2013,-2,1,-4,0,1,2,Winter
12/10/2013,-7,-4,-10,0,0,0,Winter
12/11/2013,-8,-4,-11,0,0,0,Winter
12/12/2013,-10,-7,-12,0,0,0,Winter
12/13/2013,-9,-5,-13,0,0,0,Winter
12/14/2013,-13,-11,-15,0,10,7,Winter
12/15/2013,-9,-5,-14,0,3,2,Winter
12/16/2013,-13,-8,-18,0,0,0,Winter
12/17/2013,-10,-4,-15,0,3,2,Winter
12/18/2013,-3,-1,-6,0,0,0,Winter
12/19/2013,0,3,-3,0,1,1,Winter
12/20/2013,0,1,-1,9,1,10,Winter
12/21/2013,-1,0,-1,17,0,17,Winter
12/22/2013,0,2,-3,14,0,14,Winter
12/23/2013,-4,1,-9,0,0,0,Winter
12/24/2013,-12,-8,-16,0,0,0,Winter
12/25/2013,-10,-4,-17,0,5,2,Winter
12/26/2013,-4,-1,-7,0,3,3,Winter
12/27/2013,-2,2,-6,0,0,0,Winter
12/28/2013,3,3,2,0,0,0,Winter
12/29/2013,-2,5,-8,0,0,0,Winter
12/30/2013,-10,-8,-11,0,0,0,Winter
12/31/2013,-9,-7,-11,0,1,1,Winter
1/1/2014,-13,-10,-15,0,0,0,Winter
1/2/2014,-18,-15,-20,0,1,1,Winter
1/3/2014,-17,-9,-24,0,0,0,Winter
1/4/2014,-5,0,-9,0,0,0,Winter
1/5/2014,-1,0,-3,2,12,14,Winter
1/6/2014,-9,0,-18,4,1,5,Winter
1/7/2014,-21,-17,-24,0,0,0,Winter
1/8/2014,-13,-9,-18,0,0,0,Winter
1/9/2014,-11,-6,-16,0,0,0,Winter
1/10/2014,-3,3,-8,1,2,3,Winter
1/11/2014,4,7,2,8,0,8,Winter
1/12/2014,1,2,0,0,0,0,Winter
1/13/2014,4,8,1,1,0,1,Winter
1/14/2014,2,4,-1,0,0,0,Winter
1/15/2014,-3,1,-6,0,0,0,Winter
1/16/2014,-3,-1,-5,0,2,2,Winter
1/17/2014,-1,1,-3,0,3,2,Winter
1/18/2014,-6,-3,-9,0,1,1,Winter
1/19/2014,-6,-3,-9,0,1,1,Winter
1/20/2014,-10,-3,-17,0,1,1,Winter
1/21/2014,-19,-17,-21,0,0,0,Winter
1/22/2014,-18,-13,-24,0,0,0,Winter
1/23/2014,-17,-14,-20,0,0,0,Winter
1/24/2014,-14,-9,-20,0,1,1,Winter
1/25/2014,-10,-3,-17,0,4,4,Winter
1/26/2014,-12,-5,-18,0,1,1,Winter
1/27/2014,-11,-5,-17,0,2,2,Winter
1/28/2014,-16,-13,-20,0,0,0,Winter
1/29/2014,-14,-10,-19,0,0,0,Winter
1/30/2014,-8,-2,-13,0,0,0,Winter
1/31/2014,-2,0,-4,0,0,0,Winter
2/1/2014,-2,1,-4,0,11,12,Winter
2/2/2014,-4,0,-8,0,0,0,Winter
2/3/2014,-9,-4,-14,0,0,0,Winter
2/4/2014,-10,-5,-16,0,1,1,Winter
2/5/2014,-11,-6,-15,0,15,11,Winter
2/6/2014,-12,-8,-17,0,0,0,Winter
2/7/2014,-13,-10,-16,0,0,0,Winter
2/8/2014,-14,-10,-18,0,0,0,Winter
2/9/2014,-12,-8,-16,0,3,2,Winter
2/10/2014,-10,-7,-13,0,0,0,Winter
2/11/2014,-14,-10,-17,0,0,0,Winter
2/12/2014,-14,-7,-21,0,0,0,Winter
2/13/2014,-9,-3,-15,0,0,0,Winter
2/14/2014,-4,-1,-7,0,0,0,Winter
2/15/2014,-9,-4,-14,0,0,0,Winter
2/16/2014,-12,-8,-15,0,0,0,Winter
2/17/2014,-10,-3,-17,0,1,1,Winter
2/18/2014,-3,-1,-5,0,4,4,Winter
2/19/2014,0,6,-6,0,0,0,Winter
2/20/2014,0,2,-3,11,3,15,Winter
2/21/2014,2,4,-1,6,0,6,Winter
2/22/2014,0,2,-2,0,0,0,Winter
2/23/2014,-4,-1,-6,0,0,0,Winter
2/24/2014,-8,-6,-11,0,0,0,Winter
2/25/2014,-9,-7,-12,0,0,0,Winter
2/26/2014,-13,-10,-16,0,0,0,Winter
2/27/2014,-13,-9,-17,0,0,0,Winter
2/28/2014,-14,-8,-20,0,0,0,Winter
3/1/2014,-7,-3,-11,0,4,4,Spring
3/2/2014,-14,-10,-18,0,2,2,Spring
3/3/2014,-16,-12,-20,0,0,0,Spring
3/4/2014,-13,-9,-18,0,2,1,Spring
3/5/2014,-10,-6,-15,0,0,0,Spring
3/6/2014,-8,-5,-11,0,11,2,Spring
3/7/2014,-6,2,-14,0,0,0,Spring
3/8/2014,-3,2,-8,0,0,0,Spring
3/9/2014,-5,0,-11,0,0,0,Spring
3/10/2014,3,7,0,0,0,0,Spring
3/11/2014,6,10,2,0,0,0,Spring
3/12/2014,-6,2,-15,0,9,8,Spring
3/13/2014,-12,-7,-17,0,0,0,Spring
3/14/2014,1,10,-7,0,0,0,Spring
3/15/2014,-2,5,-9,0,0,0,Spring
3/16/2014,-12,-8,-15,0,0,0,Spring
3/17/2014,-10,-4,-16,0,0,0,Spring
3/18/2014,-3,2,-9,0,0,0,Spring
3/19/2014,3,6,-1,3,0,3,Spring
3/20/2014,0,3,-3,0,0,0,Spring
3/21/2014,0,4,-5,0,0,0,Spring
3/22/2014,-2,4,-8,0,1,1,Spring
3/23/2014,-8,-5,-11,0,0,0,Spring
3/24/2014,-8,-3,-12,0,0,0,Spring
3/25/2014,-5,1,-10,0,0,0,Spring
3/26/2014,-8,-4,-12,0,0,0,Spring
3/27/2014,-3,3,-10,1,1,2,Spring
3/28/2014,6,10,2,4,0,4,Spring
3/29/2014,2,2,1,0,0,0,Spring
3/30/2014,3,7,-2,0,0,0,Spring
3/31/2014,5,11,-1,0,0,0,Spring
4/1/2014,5,8,1,0,0,0,Spring
4/2/2014,3,7,-1,0,0,0,Spring
4/3/2014,1,4,-3,0,0,0,Spring
4/4/2014,4,7,1,9,0,9,Spring
4/5/2014,1,4,-2,0,0,0,Spring
4/6/2014,4,11,-4,0,0,0,Spring
4/7/2014,5,10,0,13,0,13,Spring
4/8/2014,7,12,1,4,0,4,Spring
4/9/2014,6,10,1,0,0,0,Spring
4/10/2014,11,20,3,0,0,0,Spring
4/11/2014,8,14,2,0,0,0,Spring
4/12/2014,9,15,4,5,0,5,Spring
4/13/2014,14,23,5,6,0,6,Spring
4/14/2014,12,22,1,4,0,4,Spring
4/15/2014,-2,2,-5,5,3,8,Spring
4/16/2014,-2,4,-7,0,0,0,Spring
4/17/2014,4,8,-1,0,0,0,Spring
4/18/2014,6,11,1,0,0,0,Spring
4/19/2014,6,11,0,0,0,0,Spring
4/20/2014,8,13,2,0,0,0,Spring
4/21/2014,13,19,6,0,0,0,Spring
4/22/2014,9,14,4,3,0,3,Spring
4/23/2014,5,9,1,0,0,0,Spring
4/24/2014,6,13,-1,0,0,0,Spring
4/25/2014,7,10,4,5,0,5,Spring
4/26/2014,7,11,3,0,0,0,Spring
4/27/2014,7,13,2,0,0,0,Spring
4/28/2014,8,13,3,0,0,0,Spring
4/29/2014,7,9,6,28,0,28,Spring
4/30/2014,6,7,6,6,0,6,Spring
5/1/2014,11,15,6,3,0,3,Spring
5/2/2014,10,13,7,1,0,1,Spring
5/3/2014,10,14,6,5,0,5,Spring
5/4/2014,9,14,5,0,0,0,Spring
5/5/2014,9,15,2,0,0,0,Spring
5/6/2014,10,16,5,0,0,0,Spring
5/7/2014,9,14,4,0,0,0,Spring
5/8/2014,14,19,10,0,0,0,Spring
5/9/2014,16,20,11,1,0,1,Spring
5/10/2014,14,20,7,0,0,0,Spring
5/11/2014,15,24,6,0,0,0,Spring
5/12/2014,17,21,13,0,0,0,Spring
5/13/2014,17,21,12,5,0,5,Spring
5/14/2014,15,19,10,12,0,12,Spring
5/15/2014,15,20,10,13,0,13,Spring
5/16/2014,9,13,4,4,0,4,Spring
5/17/2014,8,14,2,0,0,0,Spring
5/18/2014,10,15,4,1,0,1,Spring
5/19/2014,15,22,8,0,0,0,Spring
5/20/2014,14,18,10,1,0,1,Spring
5/21/2014,16,20,11,0,0,0,Spring
5/22/2014,16,21,11,0,0,0,Spring
5/23/2014,14,18,9,0,0,0,Spring
5/24/2014,18,25,10,0,0,0,Spring
5/25/2014,19,28,11,0,0,0,Spring
5/26/2014,23,29,17,0,0,0,Spring
5/27/2014,23,30,17,10,0,10,Spring
5/28/2014,15,17,12,0,0,0,Spring
5/29/2014,16,19,13,0,0,0,Spring
5/30/2014,18,25,11,0,0,0,Spring
5/31/2014,17,22,11,0,0,0,Spring
6/1/2014,17,22,11,0,0,0,Summer
6/2/2014,22,30,13,3,0,3,Summer
6/3/2014,20,28,13,6,0,6,Summer
6/4/2014,17,22,12,0,0,0,Summer
6/5/2014,15,18,11,0,0,0,Summer
6/6/2014,17,25,9,0,0,0,Summer
6/7/2014,18,25,11,0,0,0,Summer
6/8/2014,17,20,13,4,0,4,Summer
6/9/2014,20,26,13,0,0,0,Summer
6/10/2014,19,24,15,0,0,0,Summer
6/11/2014,20,24,16,24,0,24,Summer
6/12/2014,22,27,17,0,0,0,Summer
6/13/2014,18,24,12,0,0,0,Summer
6/14/2014,15,20,11,0,0,0,Summer
6/15/2014,15,21,10,0,0,0,Summer
6/16/2014,19,24,13,1,0,1,Summer
6/17/2014,24,31,17,23,0,23,Summer
6/18/2014,21,26,17,0,0,0,Summer
6/19/2014,19,25,14,0,0,0,Summer
6/20/2014,17,21,12,0,0,0,Summer
6/21/2014,19,23,16,0,0,0,Summer
6/22/2014,20,26,14,0,0,0,Summer
6/23/2014,20,25,15,1,0,1,Summer
6/24/2014,23,29,17,13,0,13,Summer
6/25/2014,21,23,18,22,0,22,Summer
6/26/2014,22,27,18,0,0,0,Summer
6/27/2014,22,28,16,0,0,0,Summer
6/28/2014,24,29,19,0,0,0,Summer
6/29/2014,25,30,20,0,0,0,Summer
6/30/2014,26,31,22,0,0,0,Summer
7/1/2014,26,29,22,7,0,7,Summer
7/2/2014,24,30,18,1,0,1,Summer
7/3/2014,18,23,13,0,0,0,Summer
7/4/2014,18,24,12,0,0,0,Summer
7/5/2014,20,27,12,0,0,0,Summer
7/6/2014,22,28,16,0,0,0,Summer
7/7/2014,25,29,20,11,0,11,Summer
7/8/2014,20,25,15,5,0,5,Summer
7/9/2014,19,23,14,0,0,0,Summer
7/10/2014,17,21,12,0,0,0,Summer
7/11/2014,19,25,13,0,0,0,Summer
7/12/2014,22,28,16,0,0,0,Summer
7/13/2014,24,29,19,7,0,7,Summer
7/14/2014,20,23,17,0,0,0,Summer
7/15/2014,20,25,14,4,0,4,Summer
7/16/2014,17,22,12,0,0,0,Summer
7/17/2014,18,24,11,0,0,0,Summer
7/18/2014,18,25,12,0,0,0,Summer
7/19/2014,19,22,16,7,0,7,Summer
7/20/2014,20,23,17,2,0,2,Summer
7/21/2014,22,28,16,0,0,0,Summer
7/22/2014,24,30,18,1,0,1,Summer
7/23/2014,20,25,15,0,0,0,Summer
7/24/2014,19,24,13,0,0,0,Summer
7/25/2014,19,26,13,0,0,0,Summer
7/26/2014,22,27,16,0,0,0,Summer
7/27/2014,24,30,18,16,0,16,Summer
7/28/2014,17,21,14,19,0,19,Summer
7/29/2014,17,21,13,1,0,1,Summer
7/30/2014,19,24,14,5,0,5,Summer
7/31/2014,19,25,13,0,0,0,Summer
8/1/2014,22,27,17,1,0,1,Summer
8/2/2014,21,26,16,0,0,0,Summer
8/3/2014,23,27,18,0,0,0,Summer
8/4/2014,23,29,17,3,0,3,Summer
8/5/2014,21,25,17,0,0,0,Summer
8/6/2014,21,25,16,0,0,0,Summer
8/7/2014,20,25,16,0,0,0,Summer
8/8/2014,20,25,14,0,0,0,Summer
8/9/2014,20,26,14,0,0,0,Summer
8/10/2014,21,27,14,0,0,0,Summer
8/11/2014,23,28,18,14,0,14,Summer
8/12/2014,22,26,18,9,0,9,Summer
8/13/2014,18,22,13,0,0,0,Summer
8/14/2014,15,18,12,0,0,0,Summer
8/15/2014,18,23,12,0,0,0,Summer
8/16/2014,17,20,13,0,0,0,Summer
8/17/2014,19,24,14,0,0,0,Summer
8/18/2014,16,21,12,0,0,0,Summer
8/19/2014,18,23,12,0,0,0,Summer
8/20/2014,21,25,17,7,0,7,Summer
8/21/2014,23,27,18,0,0,0,Summer
8/22/2014,21,25,17,0,0,0,Summer
8/23/2014,21,23,18,0,0,0,Summer
8/24/2014,22,25,18,0,0,0,Summer
8/25/2014,22,28,16,0,0,0,Summer
8/26/2014,26,32,19,0,0,0,Summer
8/27/2014,19,26,12,0,0,0,Summer
8/28/2014,17,23,12,0,0,0,Summer
8/29/2014,17,23,12,0,0,0,Summer
8/30/2014,24,30,18,3,0,3,Summer
8/31/2014,25,30,19,0,0,0,Summer
9/1/2014,24,29,18,3,0,3,Fall
9/2/2014,20,25,16,14,0,14,Fall
9/3/2014,21,28,14,0,0,0,Fall
9/4/2014,23,30,17,0,0,0,Fall
9/5/2014,26,32,20,24,0,24,Fall
9/6/2014,18,23,13,5,0,5,Fall
9/7/2014,17,22,12,0,0,0,Fall
9/8/2014,17,23,11,0,0,0,Fall
9/9/2014,20,22,18,0,0,0,Fall
9/10/2014,20,23,18,27,0,27,Fall
9/11/2014,17,23,11,8,0,8,Fall
9/12/2014,12,14,9,0,0,0,Fall
9/13/2014,11,14,7,2,0,2,Fall
9/14/2014,11,16,6,0,0,0,Fall
9/15/2014,14,19,9,4,0,4,Fall
9/16/2014,14,19,9,0,0,0,Fall
9/17/2014,14,21,8,0,0,0,Fall
9/18/2014,10,14,5,0,0,0,Fall
9/19/2014,9,14,5,0,0,0,Fall
9/20/2014,17,25,9,0,0,0,Fall
9/21/2014,17,24,10,16,0,16,Fall
9/22/2014,11,15,7,0,0,0,Fall
9/23/2014,15,23,7,0,0,0,Fall
9/24/2014,16,22,10,0,0,0,Fall
9/25/2014,16,21,11,0,0,0,Fall
9/26/2014,17,23,11,0,0,0,Fall
9/27/2014,19,25,12,0,0,0,Fall
9/28/2014,19,25,12,0,0,0,Fall
9/29/2014,19,24,13,0,0,0,Fall
9/30/2014,17,19,15,0,0,0,Fall
10/1/2014,15,16,15,0,0,0,Fall
10/2/2014,17,20,14,0,0,0,Fall
10/3/2014,19,23,14,11,0,11,Fall
10/4/2014,9,14,4,1,0,1,Fall
10/5/2014,9,14,3,0,0,0,Fall
10/6/2014,13,17,9,3,0,3,Fall
10/7/2014,14,18,11,8,0,8,Fall
10/8/2014,10,14,5,0,0,0,Fall
10/9/2014,9,15,3,0,0,0,Fall
10/10/2014,9,14,3,0,0,0,Fall
10/11/2014,9,14,3,0,0,0,Fall
10/12/2014,7,13,2,0,0,0,Fall
10/13/2014,10,16,4,0,0,0,Fall
10/14/2014,19,22,15,1,0,1,Fall
10/15/2014,16,19,13,2,0,2,Fall
10/16/2014,16,20,12,5,0,5,Fall
10/17/2014,14,17,12,0,0,0,Fall
10/18/2014,8,13,3,0,0,0,Fall
10/19/2014,6,10,3,0,0,0,Fall
10/20/2014,9,12,6,6,0,6,Fall
10/21/2014,9,11,6,2,0,2,Fall
10/22/2014,8,13,3,0,0,0,Fall
10/23/2014,11,16,6,0,0,0,Fall
10/24/2014,10,16,3,0,0,0,Fall
10/25/2014,12,17,7,0,0,0,Fall
10/26/2014,8,13,3,0,0,0,Fall
10/27/2014,7,12,1,1,0,1,Fall
10/28/2014,15,21,9,2,0,2,Fall
10/29/2014,9,13,4,0,0,0,Fall
10/30/2014,6,10,3,0,0,0,Fall
10/31/2014,4,7,1,11,1,12,Fall
11/1/2014,1,3,-1,0,2,2,Fall
11/2/2014,3,8,-2,0,0,0,Fall
11/3/2014,8,15,0,0,0,0,Fall
11/4/2014,11,14,8,4,0,4,Fall
11/5/2014,7,10,5,0,0,0,Fall
11/6/2014,7,10,4,2,0,2,Fall
11/7/2014,1,4,-2,0,0,0,Fall
11/8/2014,3,6,-1,1,0,1,Fall
11/9/2014,4,7,1,0,0,0,Fall
11/10/2014,6,9,3,0,0,0,Fall
11/11/2014,9,17,0,1,0,1,Fall
11/12/2014,4,8,0,0,0,0,Fall
11/13/2014,-1,1,-4,0,0,0,Fall
11/14/2014,-1,3,-5,0,0,0,Fall
11/15/2014,-1,3,-6,0,0,0,Fall
11/16/2014,-1,0,-2,0,2,2,Fall
11/17/2014,-3,1,-7,0,6,6,Fall
11/18/2014,-7,-5,-9,0,0,0,Fall
11/19/2014,-6,-1,-10,0,4,4,Fall
11/20/2014,-5,-3,-8,0,0,0,Fall
11/21/2014,-5,-2,-9,0,0,0,Fall
11/22/2014,1,7,-5,1,0,1,Fall
11/23/2014,7,9,5,2,0,2,Fall
11/24/2014,11,18,4,18,0,18,Fall
11/25/2014,2,4,0,0,0,0,Fall
11/26/2014,1,2,0,0,0,0,Fall
11/27/2014,-1,3,-5,0,0,0,Fall
11/28/2014,-5,-2,-8,0,0,0,Fall
11/29/2014,2,9,-5,0,0,0,Fall
11/30/2014,9,14,3,0,0,0,Fall
12/1/2014,-2,3,-7,0,0,0,Winter
12/2/2014,-4,1,-10,0,1,1,Winter
12/3/2014,0,3,-2,0,0,0,Winter
12/4/2014,-3,1,-6,0,0,0,Winter
12/5/2014,0,3,-4,0,0,0,Winter
12/6/2014,2,6,-3,0,0,0,Winter
12/7/2014,-4,-1,-7,0,0,0,Winter
12/8/2014,1,3,-2,0,0,0,Winter
12/9/2014,2,4,0,1,0,1,Winter
12/10/2014,-2,0,-4,0,0,0,Winter
12/11/2014,-4,-3,-6,0,17,16,Winter
12/12/2014,0,3,-4,0,0,0,Winter
12/13/2014,1,2,1,0,0,0,Winter
12/14/2014,3,4,1,0,0,0,Winter
12/15/2014,3,4,2,0,0,0,Winter
12/16/2014,3,4,2,3,0,3,Winter
12/17/2014,2,5,-1,2,2,3,Winter
12/18/2014,-2,0,-4,0,0,0,Winter
12/19/2014,-3,0,-5,0,0,0,Winter
12/20/2014,-3,0,-6,0,0,0,Winter
12/21/2014,-1,2,-3,0,0,0,Winter
12/22/2014,1,2,0,0,0,0,Winter
12/23/2014,3,6,0,0,0,0,Winter
12/24/2014,8,10,6,9,0,9,Winter
12/25/2014,4,6,3,0,0,0,Winter
12/26/2014,4,8,0,0,0,0,Winter
12/27/2014,6,10,3,0,0,0,Winter
12/28/2014,2,5,-2,0,0,0,Winter
12/29/2014,-3,0,-6,0,0,0,Winter
12/30/2014,-5,-3,-7,0,0,0,Winter
12/31/2014,-8,-6,-9,0,0,0,Winter
1/1/2015,-5,-2,-8,0,0,0,Winter
1/2/2015,-4,-1,-6,0,0,1,Winter
1/3/2015,-2,2,-6,8,2,11,Winter
1/4/2015,-1,4,-6,6,0,7,Winter
1/5/2015,-10,-6,-14,0,1,1,Winter
1/6/2015,-11,-8,-14,0,0,0,Winter
1/7/2015,-14,-9,-18,0,0,0,Winter
1/8/2015,-13,-9,-17,0,1,1,Winter
1/9/2015,-10,-6,-14,0,2,2,Winter
1/10/2015,-13,-10,-16,0,0,0,Winter
1/11/2015,-6,0,-11,,0,,Winter
1/12/2015,-9,-1,-17,0,1,1,Winter
1/13/2015,-16,-12,-21,0,0,0,Winter
1/14/2015,-10,-4,-16,0,0,0,Winter
1/15/2015,-8,-3,-14,0,0,0,Winter
1/16/2015,-9,-2,-16,0,0,0,Winter
1/17/2015,-6,4,-15,0,1,0,Winter
1/18/2015,3,6,0,0,0,0,Winter
1/19/2015,-5,0,-9,0,0,0,Winter
1/20/2015,-10,-6,-13,0,0,0,Winter
1/21/2015,-8,-3,-14,0,0,0,Winter
1/22/2015,-4,1,-9,0,0,0,Winter
1/23/2015,-2,1,-6,,,,Winter
1/24/2015,-3,1,-6,0,0,0,Winter
1/25/2015,-8,-3,-13,0,0,0,Winter
1/26/2015,-11,-8,-14,0,0,0,Winter
1/27/2015,-9,-6,-13,0,1,0,Winter
1/28/2015,-7,-1,-13,0,0,0,Winter
1/29/2015,-4,0,-7,0,5,6,Winter
1/30/2015,-9,-2,-17,0,0,0,Winter
1/31/2015,-10,-3,-18,0,0,0,Winter
2/1/2015,-9,-3,-14,0,7,7,Winter
2/2/2015,-14,-11,-17,0,6,6,Winter
2/3/2015,-11,-6,-16,0,1,1,Winter
2/4/2015,-6,-1,-10,0,1,1,Winter
2/5/2015,-12,-9,-15,0,0,0,Winter
2/6/2015,-9,-5,-13,0,1,1,Winter
2/7/2015,-5,-2,-8,0,6,5,Winter
2/8/2015,-11,-8,-13,,3,,Winter
2/9/2015,-12,-10,-13,0,0,0,Winter
2/10/2015,-8,-5,-10,0,0,0,Winter
2/11/2015,-6,-2,-9,0,2,1,Winter
2/12/2015,-11,-3,-19,0,0,0,Winter
2/13/2015,-16,-10,-23,0,0,0,Winter
2/14/2015,-14,-7,-21,0,0,0,Winter
2/15/2015,-22,-19,-26,0,0,0,Winter
2/16/2015,-19,-13,-24,0,0,0,Winter
2/17/2015,-13,-9,-17,0,0,0,Winter
2/18/2015,-12,-9,-15,0,2,1,Winter
2/19/2015,-18,-15,-22,0,0,0,Winter
2/20/2015,-19,-14,-24,0,0,0,Winter
2/21/2015,-11,-8,-15,0,10,8,Winter
2/22/2015,-10,-3,-17,0,0,0,Winter
2/23/2015,-18,-15,-22,0,0,0,Winter
2/24/2015,-15,-9,-20,0,0,0,Winter
2/25/2015,-12,-9,-16,0,0,0,Winter
2/26/2015,-14,-10,-18,0,0,0,Winter
2/27/2015,-15,-10,-21,0,0,0,Winter
2/28/2015,-12,-5,-19,0,0,0,Winter
3/1/2015,-8,-4,-12,0,0,0,Spring
3/2/2015,-7,-3,-12,0,0,0,Spring
3/3/2015,-6,1,-13,1,5,6,Spring
3/4/2015,-5,0,-11,0,0,0,Spring
3/5/2015,-13,-10,-17,0,0,0,Spring
3/6/2015,-12,-5,-19,0,0,0,Spring
3/7/2015,-4,-1,-7,0,0,0,Spring
3/8/2015,-2,2,-5,0,0,0,Spring
3/9/2015,1,6,-4,0,0,0,Spring
3/10/2015,2,5,-2,0,0,0,Spring
3/11/2015,4,8,0,0,0,0,Spring
3/12/2015,1,4,-3,0,0,0,Spring
3/13/2015,2,6,-2,0,0,0,Spring
3/14/2015,4,6,1,0,0,0,Spring
3/15/2015,3,7,-1,0,0,0,Spring
3/16/2015,6,12,0,2,0,2,Spring
3/17/2015,1,6,-5,0,0,0,Spring
3/18/2015,-2,3,-6,0,0,0,Spring
3/19/2015,-3,2,-8,0,0,0,Spring
3/20/2015,3,8,-2,0,0,0,Spring
3/21/2015,0,7,-6,2,0,2,Spring
3/22/2015,-6,-2,-10,0,0,0,Spring
3/23/2015,-7,-3,-11,0,0,0,Spring
3/24/2015,-4,2,-10,0,0,0,Spring
3/25/2015,1,7,-5,3,0,3,Spring
3/26/2015,3,6,-1,1,0,1,Spring
3/27/2015,-4,1,-8,0,0,0,Spring
3/28/2015,-6,-1,-11,0,0,0,Spring
3/29/2015,-2,6,-9,0,0,0,Spring
3/30/2015,3,8,-3,,0,,Spring
3/31/2015,2,7,-4,0,0,0,Spring
4/1/2015,2,7,-4,0,0,0,Spring
4/2/2015,10,18,2,4,0,4,Spring
4/3/2015,8,15,2,4,0,4,Spring
4/4/2015,2,5,-2,0,2,2,Spring
4/5/2015,-1,2,-3,0,0,0,Spring
4/6/2015,5,9,0,0,0,0,Spring
4/7/2015,4,8,1,0,0,0,Spring
4/8/2015,3,4,1,18,0,18,Spring
4/9/2015,5,9,2,11,0,11,Spring
4/10/2015,10,17,4,3,0,3,Spring
4/11/2015,7,11,3,0,0,0,Spring
4/12/2015,10,18,2,0,0,0,Spring
4/13/2015,15,25,6,5,0,5,Spring
4/14/2015,11,18,3,0,0,0,Spring
4/15/2015,10,16,4,0,0,0,Spring
4/16/2015,9,16,2,0,0,0,Spring
4/17/2015,15,22,8,0,0,0,Spring
4/18/2015,12,20,4,0,0,0,Spring
4/19/2015,8,12,4,7,0,7,Spring
4/20/2015,11,17,5,19,0,19,Spring
4/21/2015,7,11,4,6,0,6,Spring
4/22/2015,4,9,-1,0,0,0,Spring
4/23/2015,1,3,-1,0,0,0,Spring
4/24/2015,3,8,-3,0,0,0,Spring
4/25/2015,4,12,-3,0,0,0,Spring
4/26/2015,7,13,1,0,0,0,Spring
4/27/2015,8,13,4,0,0,0,Spring
4/28/2015,12,19,5,0,0,0,Spring
4/29/2015,13,20,5,0,0,0,Spring
4/30/2015,12,18,6,0,0,0,Spring
5/1/2015,15,22,7,0,0,0,Spring
5/2/2015,15,24,7,0,0,0,Spring
5/3/2015,17,26,9,0,0,0,Spring
5/4/2015,17,24,10,0,0,0,Spring
5/5/2015,12,16,7,0,0,0,Spring
5/6/2015,15,22,7,0,0,0,Spring
5/7/2015,17,24,9,0,0,0,Spring
5/8/2015,18,25,12,0,0,0,Spring
5/9/2015,20,27,13,10,0,10,Spring
5/10/2015,21,26,16,2,0,2,Spring
5/11/2015,16,20,13,6,0,6,Spring
5/12/2015,12,17,7,0,0,0,Spring
5/13/2015,9,14,5,0,0,0,Spring
5/14/2015,10,17,3,0,0,0,Spring
5/15/2015,12,15,9,0,0,0,Spring
5/16/2015,19,26,12,0,0,0,Spring
5/17/2015,18,23,13,0,0,0,Spring
5/18/2015,21,29,13,0,0,0,Spring
5/19/2015,12,20,4,0,0,0,Spring
5/20/2015,10,17,3,0,0,0,Spring
5/21/2015,14,20,7,0,0,0,Spring
5/22/2015,10,16,4,0,0,0,Spring
5/23/2015,12,23,1,0,0,0,Spring
5/24/2015,20,29,11,0,0,0,Spring
5/25/2015,23,28,17,0,0,0,Spring
5/26/2015,24,29,18,0,0,0,Spring
5/27/2015,23,29,17,0,0,0,Spring
5/28/2015,21,26,15,0,0,0,Spring
5/29/2015,21,26,16,0,0,0,Spring
5/30/2015,20,29,11,23,0,23,Spring
5/31/2015,9,11,7,20,0,20,Spring
6/1/2015,12,16,8,0,0,0,Summer
6/2/2015,13,19,8,0,0,0,Summer
6/3/2015,14,19,9,0,0,0,Summer
6/4/2015,17,22,11,0,0,0,Summer
6/5/2015,19,25,14,6,0,6,Summer
6/6/2015,14,17,10,0,0,0,Summer
6/7/2015,15,20,9,7,0,7,Summer
6/8/2015,20,24,17,21,0,21,Summer
6/9/2015,19,23,15,2,0,2,Summer
6/10/2015,21,28,13,13,0,13,Summer
6/11/2015,19,25,13,0,0,0,Summer
6/12/2015,16,18,14,11,0,11,Summer
6/13/2015,19,23,15,0,0,0,Summer
6/14/2015,18,19,17,4,0,4,Summer
6/15/2015,21,25,17,0,0,0,Summer
6/16/2015,21,27,16,24,0,24,Summer
6/17/2015,18,22,14,0,0,0,Summer
6/18/2015,21,27,15,0,0,0,Summer
6/19/2015,17,20,15,0,0,0,Summer
6/20/2015,17,23,12,0,0,0,Summer
6/21/2015,22,27,17,0,0,0,Summer
6/22/2015,21,26,17,22,0,22,Summer
6/23/2015,21,26,15,2,0,2,Summer
6/24/2015,20,26,14,0,0,0,Summer
6/25/2015,19,23,16,0,0,0,Summer
6/26/2015,19,23,14,0,0,0,Summer
6/27/2015,16,19,13,34,0,34,Summer
6/28/2015,14,16,12,14,0,14,Summer
6/29/2015,19,24,14,0,0,0,Summer
6/30/2015,17,20,15,0,0,0,Summer
7/1/2015,20,24,15,0,0,0,Summer
7/2/2015,18,22,13,0,0,0,Summer
7/3/2015,17,22,11,0,0,0,Summer
7/4/2015,18,25,12,0,0,0,Summer
7/5/2015,21,26,15,0,0,0,Summer
7/6/2015,22,27,17,0,0,0,Summer
7/7/2015,23,29,16,16,0,16,Summer
7/8/2015,17,21,13,0,0,0,Summer
7/9/2015,20,24,15,0,0,0,Summer
7/10/2015,20,27,13,0,0,0,Summer
7/11/2015,22,29,16,0,0,0,Summer
7/12/2015,23,28,18,0,0,0,Summer
7/13/2015,23,28,18,0,0,0,Summer
7/14/2015,21,25,16,2,0,2,Summer
7/15/2015,17,22,12,0,0,0,Summer
7/16/2015,18,23,12,0,0,0,Summer
7/17/2015,19,21,16,5,0,5,Summer
7/18/2015,25,32,19,0,0,0,Summer
7/19/2015,25,32,19,0,0,0,Summer
7/20/2015,23,29,16,0,0,0,Summer
7/21/2015,22,26,17,0,0,0,Summer
7/22/2015,20,26,15,0,0,0,Summer
7/23/2015,20,27,14,0,0,0,Summer
7/24/2015,21,30,13,0,0,0,Summer
7/25/2015,26,31,20,0,0,0,Summer
7/26/2015,24,30,18,0,0,0,Summer
7/27/2015,25,32,19,0,0,0,Summer
7/28/2015,26,33,18,0,0,0,Summer
7/29/2015,26,32,20,0,0,0,Summer
7/30/2015,25,30,20,0,0,0,Summer
7/31/2015,23,31,16,0,0,0,Summer
8/1/2015,22,28,16,0,0,0,Summer
8/2/2015,23,30,16,14,0,14,Summer
8/3/2015,22,27,17,1,0,1,Summer
8/4/2015,22,27,17,1,0,1,Summer
8/5/2015,19,25,14,0,0,0,Summer
8/6/2015,19,24,13,,0,,Summer
8/7/2015,20,25,14,0,0,0,Summer
8/8/2015,20,24,16,0,0,0,Summer
8/9/2015,19,25,13,0,0,0,Summer
8/10/2015,19,23,15,36,0,36,Summer
8/11/2015,22,26,18,0,0,0,Summer
8/12/2015,19,24,15,0,0,0,Summer
8/13/2015,20,27,12,0,0,0,Summer
8/14/2015,24,27,20,3,0,3,Summer
8/15/2015,24,29,19,0,0,0,Summer
8/16/2015,25,31,19,0,0,0,Summer
8/17/2015,27,33,21,0,0,0,Summer
8/18/2015,24,27,21,0,0,0,Summer
8/19/2015,25,29,20,6,0,6,Summer
8/20/2015,21,26,17,,,,Summer
8/21/2015,19,23,15,0,0,0,Summer
8/22/2015,18,24,12,0,0,0,Summer
8/23/2015,19,24,13,0,0,0,Summer
8/24/2015,20,24,16,,,,Summer
8/25/2015,18,21,14,0,0,0,Summer
8/26/2015,17,20,14,0,0,0,Summer
8/27/2015,16,19,13,0,0,0,Summer
8/28/2015,17,23,11,0,0,0,Summer
8/29/2015,20,24,15,0,0,0,Summer
8/30/2015,22,26,18,0,0,0,Summer
8/31/2015,23,29,18,0,0,0,Summer
9/1/2015,23,29,18,0,0,0,Fall
9/2/2015,27,33,20,0,0,0,Fall
9/3/2015,26,30,21,0,0,0,Fall
9/4/2015,25,28,21,0,0,0,Fall
9/5/2015,24,30,19,0,0,0,Fall
9/6/2015,26,32,19,0,0,0,Fall
9/7/2015,28,34,21,0,0,0,Fall
9/8/2015,26,29,22,9,0,9,Fall
9/9/2015,21,26,15,3,0,3,Fall
9/10/2015,18,24,13,0,0,0,Fall
9/11/2015,18,23,13,7,0,7,Fall
9/12/2015,14,16,12,15,0,15,Fall
9/13/2015,12,15,10,3,0,3,Fall
9/14/2015,17,24,9,0,0,0,Fall
9/15/2015,21,28,13,0,0,0,Fall
9/16/2015,22,28,16,0,0,0,Fall
9/17/2015,22,28,16,0,0,0,Fall
9/18/2015,22,27,16,0,0,0,Fall
9/19/2015,19,25,12,11,0,11,Fall
9/20/2015,14,19,10,0,0,0,Fall
9/21/2015,15,20,11,0,0,0,Fall
9/22/2015,16,22,10,0,0,0,Fall
9/23/2015,19,24,13,0,0,0,Fall
9/24/2015,19,23,15,0,0,0,Fall
9/25/2015,17,22,13,0,0,0,Fall
9/26/2015,15,20,10,0,0,0,Fall
9/27/2015,16,21,11,0,0,0,Fall
9/28/2015,20,22,18,0,0,0,Fall
9/29/2015,18,23,14,13,0,13,Fall
9/30/2015,12,17,7,0,0,0,Fall
10/1/2015,10,15,4,0,0,0,Fall
10/2/2015,9,12,5,0,0,0,Fall
10/3/2015,9,12,6,2,0,2,Fall
10/4/2015,12,15,9,0,0,0,Fall
10/5/2015,12,14,10,1,0,1,Fall
10/6/2015,13,17,10,0,0,0,Fall
10/7/2015,15,22,9,0,0,0,Fall
10/8/2015,11,15,7,13,0,13,Fall
10/9/2015,11,17,6,1,0,1,Fall
10/10/2015,10,16,4,0,0,0,Fall
10/11/2015,17,23,11,0,0,0,Fall
10/12/2015,18,23,13,0,0,0,Fall
10/13/2015,15,19,11,0,0,0,Fall
10/14/2015,9,13,6,0,0,0,Fall
10/15/2015,12,19,4,4,0,4,Fall
10/16/2015,7,13,2,1,0,1,Fall
10/17/2015,2,6,-2,0,0,0,Fall
10/18/2015,2,6,-3,0,0,0,Fall
10/19/2015,7,16,-2,1,0,1,Fall
10/20/2015,15,18,12,0,0,0,Fall
10/21/2015,11,13,9,1,0,1,Fall
10/22/2015,11,16,5,0,0,0,Fall
10/23/2015,5,9,1,0,0,0,Fall
10/24/2015,12,16,7,4,0,4,Fall
10/25/2015,8,14,3,0,0,0,Fall
10/26/2015,6,10,2,0,0,0,Fall
10/27/2015,7,11,2,0,0,0,Fall
10/28/2015,12,15,9,37,0,37,Fall
10/29/2015,10,14,6,0,0,0,Fall
10/30/2015,5,10,1,0,0,0,Fall
10/31/2015,6,10,1,2,0,2,Fall
11/1/2015,10,15,5,3,0,3,Fall
11/2/2015,9,15,4,0,0,0,Fall
11/3/2015,15,21,9,0,0,0,Fall
11/4/2015,12,16,8,0,0,0,Fall
11/5/2015,15,20,10,0,0,0,Fall
11/6/2015,13,19,8,3,0,3,Fall
11/7/2015,7,13,2,0,0,0,Fall
11/8/2015,6,11,1,0,0,0,Fall
11/9/2015,6,11,0,0,0,0,Fall
11/10/2015,5,10,0,15,0,15,Fall
11/11/2015,10,13,7,1,0,1,Fall
11/12/2015,10,13,7,2,0,2,Fall
11/13/2015,6,9,2,0,0,0,Fall
11/14/2015,3,6,1,0,0,0,Fall
11/15/2015,8,15,1,0,0,0,Fall
11/16/2015,7,12,2,0,0,0,Fall
11/17/2015,6,9,2,0,0,0,Fall
11/18/2015,11,14,9,1,0,1,Fall
11/19/2015,10,16,4,2,0,2,Fall
11/20/2015,4,7,1,0,0,0,Fall
11/21/2015,4,6,1,5,0,5,Fall
11/22/2015,-1,4,-6,0,0,0,Fall
11/23/2015,-2,2,-7,0,0,0,Fall
11/24/2015,3,6,-1,0,1,0,Fall
11/25/2015,3,8,-3,0,0,0,Fall
11/26/2015,10,15,5,0,0,0,Fall
11/27/2015,8,15,0,2,0,2,Fall
11/28/2015,-1,2,-4,0,0,0,Fall
11/29/2015,-1,5,-6,0,0,0,Fall
11/30/2015,1,4,-1,0,0,0,Fall
12/1/2015,5,8,1,2,0,2,Winter
12/2/2015,4,7,1,0,0,0,Winter
12/3/2015,4,6,2,0,0,0,Winter
12/4/2015,5,6,3,0,0,0,Winter
12/5/2015,3,8,-2,0,0,0,Winter
12/6/2015,1,5,-3,0,0,0,Winter
12/7/2015,2,6,-2,0,0,0,Winter
12/8/2015,4,5,3,0,0,0,Winter
12/9/2015,8,11,4,0,0,0,Winter
12/10/2015,8,12,4,0,0,0,Winter
12/11/2015,9,14,3,0,0,0,Winter
12/12/2015,5,9,1,0,0,0,Winter
12/13/2015,6,8,5,0,0,0,Winter
12/14/2015,9,13,6,5,0,5,Winter
12/15/2015,5,9,1,0,0,0,Winter
12/16/2015,4,6,1,0,0,0,Winter
12/17/2015,6,10,2,0,0,0,Winter
12/18/2015,0,3,-3,0,0,0,Winter
12/19/2015,-2,-1,-4,0,0,0,Winter
12/20/2015,1,6,-4,0,0,0,Winter
12/21/2015,6,8,5,4,0,4,Winter
12/22/2015,9,14,5,1,0,1,Winter
12/23/2015,9,13,5,0,0,0,Winter
12/24/2015,10,15,5,0,0,0,Winter
12/25/2015,5,10,0,0,0,0,Winter
12/26/2015,1,4,-2,2,0,2,Winter
12/27/2015,1,4,-2,4,0,4,Winter
12/28/2015,-3,0,-7,12,3,15,Winter
12/29/2015,2,4,0,14,0,14,Winter
12/30/2015,2,4,1,0,0,0,Winter
12/31/2015,0,1,0,0,0,0,Winter
1/1/2016,-2,0,-4,0,1,1,Winter
1/2/2016,-2,0,-4,0,0,0,Winter
1/3/2016,-5,2,-12,0,0,0,Winter
1/4/2016,-13,-11,-15,0,0,0,Winter
1/5/2016,-9,-3,-15,0,0,0,Winter
1/6/2016,-2,2,-7,0,0,0,Winter
1/7/2016,-1,4,-5,0,0,0,Winter
1/8/2016,-1,4,-6,3,0,3,Winter
1/9/2016,6,9,3,2,0,2,Winter
1/10/2016,0,7,-7,18,0,18,Winter
1/11/2016,-8,-6,-11,0,0,0,Winter
1/12/2016,-6,-2,-10,0,5,4,Winter
1/13/2016,-9,-7,-11,0,0,0,Winter
1/14/2016,-5,-2,-9,0,0,0,Winter
1/15/2016,1,4,-3,2,0,2,Winter
1/16/2016,-1,4,-4,1,0,1,Winter
1/17/2016,-5,0,-11,0,0,0,Winter
1/18/2016,-10,-8,-12,0,2,2,Winter
1/19/2016,-9,-4,-15,0,0,0,Winter
1/20/2016,-6,-4,-8,0,0,0,Winter
1/21/2016,-7,-4,-10,0,1,0,Winter
1/22/2016,-7,-2,-12,0,0,0,Winter
1/23/2016,-8,-4,-11,0,0,0,Winter
1/24/2016,-6,-1,-11,0,0,0,Winter
1/25/2016,1,4,-1,0,0,0,Winter
1/26/2016,4,7,0,0,0,0,Winter
1/27/2016,-1,1,-3,0,0,0,Winter
1/28/2016,0,2,-2,0,1,1,Winter
1/29/2016,-6,0,-11,0,0,0,Winter
1/30/2016,-1,6,-8,0,0,0,Winter
1/31/2016,6,11,1,3,0,3,Winter
2/1/2016,4,9,-1,0,0,0,Winter
2/2/2016,0,3,-3,3,0,4,Winter
2/3/2016,9,16,2,3,0,3,Winter
2/4/2016,1,4,-2,0,0,0,Winter
2/5/2016,0,3,-3,0,0,0,Winter
2/6/2016,1,4,-2,0,0,0,Winter
2/7/2016,2,6,-3,0,0,0,Winter
2/8/2016,2,5,-2,0,1,1,Winter
2/9/2016,-1,1,-3,0,2,1,Winter
2/10/2016,-7,-1,-12,0,1,1,Winter
2/11/2016,-13,-10,-17,0,0,0,Winter
2/12/2016,-10,-4,-16,0,1,1,Winter
2/13/2016,-21,-16,-26,0,0,0,Winter
2/14/2016,-17,-11,-24,0,0,0,Winter
2/15/2016,-6,-1,-11,0,0,0,Winter
2/16/2016,-1,0,-2,0,7,7,Winter
2/17/2016,-6,-1,-11,0,1,1,Winter
2/18/2016,-10,-5,-15,0,0,0,Winter
2/19/2016,2,9,-5,,0,,Winter
2/20/2016,8,13,3,0,0,0,Winter
2/21/2016,2,6,-2,0,0,0,Winter
2/22/2016,-2,1,-5,,0,,Winter
2/23/2016,-1,2,-4,0,0,0,Winter
2/24/2016,1,2,-1,21,3,24,Winter
2/25/2016,-3,1,-6,1,2,3,Winter
2/26/2016,-7,-3,-11,0,0,0,Winter
2/27/2016,-1,5,-6,0,0,0,Winter
2/28/2016,8,14,2,0,0,0,Winter
2/29/2016,1,10,-8,0,0,0,Winter
3/1/2016,-9,-7,-11,0,9,10,Spring
3/2/2016,-8,-5,-11,0,0,0,Spring
3/3/2016,-7,-4,-10,0,1,1,Spring
3/4/2016,-3,0,-6,0,0,0,Spring
3/5/2016,-3,0,-6,0,0,0,Spring
3/6/2016,-3,3,-9,0,0,0,Spring
3/7/2016,6,12,1,0,0,0,Spring
3/8/2016,7,12,3,0,0,0,Spring
3/9/2016,13,20,5,0,0,0,Spring
3/10/2016,8,13,3,4,0,4,Spring
3/11/2016,5,9,2,0,0,0,Spring
3/12/2016,8,17,-1,0,0,0,Spring
3/13/2016,6,9,4,0,0,0,Spring
3/14/2016,6,9,3,11,0,11,Spring
3/15/2016,8,10,5,6,0,6,Spring
3/16/2016,9,14,5,2,0,2,Spring
3/17/2016,7,11,3,1,0,1,Spring
3/18/2016,1,6,-3,0,0,0,Spring
3/19/2016,-2,2,-6,0,0,0,Spring
3/20/2016,-2,3,-6,0,0,0,Spring
3/21/2016,0,4,-4,0,0,0,Spring
3/22/2016,1,6,-4,2,0,2,Spring
3/23/2016,2,4,-1,0,0,1,Spring
3/24/2016,-1,0,-2,9,1,15,Spring
3/25/2016,0,1,-2,0,0,0,Spring
3/26/2016,1,6,-4,0,0,0,Spring
3/27/2016,5,12,-2,0,0,0,Spring
3/28/2016,6,9,2,8,0,8,Spring
3/29/2016,3,8,-1,0,0,0,Spring
3/30/2016,4,10,-2,0,0,0,Spring
3/31/2016,12,17,8,20,0,20,Spring
4/1/2016,8,13,3,0,0,0,Spring
4/2/2016,1,5,-4,0,1,1,Spring
4/3/2016,-4,-1,-7,0,10,9,Spring
4/4/2016,-5,-2,-7,0,4,4,Spring
4/5/2016,-4,1,-9,0,0,0,Spring
4/6/2016,2,7,-3,6,3,9,Spring
4/7/2016,3,8,-1,1,0,1,Spring
4/8/2016,0,4,-4,0,0,0,Spring
4/9/2016,-4,-1,-7,0,0,0,Spring
4/10/2016,-3,1,-8,1,3,8,Spring
4/11/2016,6,11,0,3,0,3,Spring
4/12/2016,3,7,-2,0,0,0,Spring
4/13/2016,2,7,-4,0,0,0,Spring
4/14/2016,4,10,-3,0,0,0,Spring
4/15/2016,7,15,0,0,0,0,Spring
4/16/2016,11,18,4,0,0,0,Spring
4/17/2016,13,21,4,0,0,0,Spring
4/18/2016,16,26,7,0,0,0,Spring
4/19/2016,11,16,6,0,0,0,Spring
4/20/2016,9,15,3,0,0,0,Spring
4/21/2016,10,15,5,1,0,1,Spring
4/22/2016,12,18,6,1,0,1,Spring
4/23/2016,7,13,2,0,0,0,Spring
4/24/2016,6,11,1,0,0,0,Spring
4/25/2016,6,9,4,11,0,11,Spring
4/26/2016,4,6,2,12,0,12,Spring
4/27/2016,6,11,0,0,0,0,Spring
4/28/2016,5,9,0,0,0,0,Spring
4/29/2016,8,11,4,0,0,0,Spring
4/30/2016,8,15,2,0,0,0,Spring
5/1/2016,9,10,7,6,0,6,Spring
5/2/2016,10,13,6,1,0,1,Spring
5/3/2016,9,13,5,0,0,0,Spring
5/4/2016,11,16,6,0,0,0,Spring
5/5/2016,12,17,7,0,0,0,Spring
5/6/2016,15,21,8,0,0,0,Spring
5/7/2016,12,17,7,0,0,0,Spring
5/8/2016,10,15,4,2,0,2,Spring
5/9/2016,9,16,2,0,0,0,Spring
5/10/2016,10,17,3,0,0,0,Spring
5/11/2016,11,19,4,0,0,0,Spring
5/12/2016,14,21,6,7,0,7,Spring
5/13/2016,17,21,13,8,0,8,Spring
5/14/2016,8,14,2,5,0,5,Spring
5/15/2016,5,8,2,1,0,1,Spring
5/16/2016,9,19,0,2,0,2,Spring
5/17/2016,10,16,5,0,0,0,Spring
5/18/2016,10,16,4,0,0,0,Spring
5/19/2016,15,20,9,0,0,0,Spring
5/20/2016,15,22,8,0,0,0,Spring
5/21/2016,18,23,12,0,0,0,Spring
5/22/2016,18,23,13,0,0,0,Spring
5/23/2016,18,26,11,0,0,0,Spring
5/24/2016,21,30,12,0,0,0,Spring
5/25/2016,23,30,16,0,0,0,Spring
5/26/2016,21,25,17,2,0,2,Spring
5/27/2016,23,30,16,0,0,0,Spring
5/28/2016,25,32,19,0,0,0,Spring
5/29/2016,26,31,20,0,0,0,Spring
5/30/2016,22,28,17,0,0,0,Spring
5/31/2016,20,27,13,0,0,0,Spring
6/1/2016,16,20,12,0,0,0,Summer
6/2/2016,23,30,16,0,0,0,Summer
6/3/2016,20,26,15,0,0,0,Summer
6/4/2016,20,26,14,5,0,5,Summer
6/5/2016,21,25,17,6,0,6,Summer
6/6/2016,20,26,15,1,0,1,Summer
6/7/2016,15,20,10,0,0,0,Summer
6/8/2016,11,14,7,0,0,0,Summer
6/9/2016,14,21,8,0,0,0,Summer
6/10/2016,16,23,8,0,0,0,Summer
6/11/2016,22,31,13,7,0,7,Summer
6/12/2016,17,21,13,0,0,0,Summer
6/13/2016,16,20,11,0,0,0,Summer
6/14/2016,15,21,9,0,0,0,Summer
6/15/2016,18,25,11,0,0,0,Summer
6/16/2016,22,27,16,0,0,0,Summer
6/17/2016,22,29,15,0,0,0,Summer
6/18/2016,24,32,17,0,0,0,Summer
6/19/2016,26,34,18,0,0,0,Summer
6/20/2016,27,35,18,0,0,0,Summer
6/21/2016,20,27,14,0,0,0,Summer
6/22/2016,21,26,15,0,0,0,Summer
6/23/2016,18,25,12,0,0,0,Summer
6/24/2016,21,27,14,0,0,0,Summer
6/25/2016,23,29,16,0,0,0,Summer
6/26/2016,26,34,18,6,0,6,Summer
6/27/2016,27,33,20,0,0,0,Summer
6/28/2016,19,23,15,0,0,0,Summer
6/29/2016,20,27,14,0,0,0,Summer
6/30/2016,20,27,13,0,0,0,Summer
7/1/2016,18,23,13,6,0,6,Summer
7/2/2016,19,26,12,0,0,0,Summer
7/3/2016,21,28,14,0,0,0,Summer
7/4/2016,22,29,15,0,0,0,Summer
7/5/2016,26,33,20,0,0,0,Summer
7/6/2016,26,32,19,0,0,0,Summer
7/7/2016,27,32,21,1,0,1,Summer
7/8/2016,25,29,20,1,0,1,Summer
7/9/2016,23,27,19,6,0,6,Summer
7/10/2016,23,29,17,0,0,0,Summer
7/11/2016,22,27,18,0,0,0,Summer
7/12/2016,26,31,20,0,0,0,Summer
7/13/2016,29,36,21,5,0,5,Summer
7/14/2016,26,31,20,7,0,7,Summer
7/15/2016,22,27,16,1,0,1,Summer
7/16/2016,19,23,15,0,0,0,Summer
7/17/2016,20,26,14,0,0,0,Summer
7/18/2016,24,30,17,0,0,0,Summer
7/19/2016,20,26,14,0,0,0,Summer
7/20/2016,21,28,15,0,0,0,Summer
7/21/2016,26,34,19,0,0,0,Summer
7/22/2016,29,35,23,0,0,0,Summer
7/23/2016,28,34,22,0,0,0,Summer
7/24/2016,24,27,20,0,0,0,Summer
7/25/2016,27,32,21,9,0,9,Summer
7/26/2016,24,31,17,0,0,0,Summer
7/27/2016,26,34,18,0,0,0,Summer
7/28/2016,25,30,21,1,0,1,Summer
7/29/2016,24,28,20,4,0,4,Summer
7/30/2016,23,27,19,0,0,0,Summer
7/31/2016,23,25,21,0,0,0,Summer
8/1/2016,24,28,19,7,0,7,Summer
8/2/2016,24,29,19,0,0,0,Summer
8/3/2016,24,29,19,0,0,0,Summer
8/4/2016,26,32,20,0,0,0,Summer
8/5/2016,28,34,22,0,0,0,Summer
8/6/2016,24,30,19,0,0,0,Summer
8/7/2016,23,29,18,0,0,0,Summer
8/8/2016,22,28,16,0,0,0,Summer
8/9/2016,25,32,17,0,0,0,Summer
8/10/2016,29,36,22,0,0,0,Summer
8/11/2016,28,34,22,0,0,0,Summer
8/12/2016,31,36,25,0,0,0,Summer
8/13/2016,26,30,22,28,0,28,Summer
8/14/2016,24,29,19,0,0,0,Summer
8/15/2016,22,27,18,0,0,0,Summer
8/16/2016,24,30,18,12,0,12,Summer
8/17/2016,22,28,16,0,0,0,Summer
8/18/2016,24,29,19,0,0,0,Summer
8/19/2016,24,30,19,0,0,0,Summer
8/20/2016,26,31,21,3,0,3,Summer
8/21/2016,22,27,17,1,0,1,Summer
8/22/2016,19,25,13,0,0,0,Summer
8/23/2016,22,29,15,0,0,0,Summer
8/24/2016,24,31,17,1,0,1,Summer
8/25/2016,26,31,22,15,0,15,Summer
8/26/2016,24,30,19,0,0,0,Summer
8/27/2016,22,27,16,0,0,0,Summer
8/28/2016,25,31,20,0,0,0,Summer
8/29/2016,23,28,18,0,0,0,Summer
8/30/2016,24,30,17,0,0,0,Summer
8/31/2016,23,29,17,0,0,0,Summer
9/1/2016,19,23,16,0,0,0,Fall
9/2/2016,19,24,13,0,0,0,Fall
9/3/2016,18,24,13,0,0,0,Fall
9/4/2016,19,25,13,0,0,0,Fall
9/5/2016,22,29,14,0,0,0,Fall
9/6/2016,25,31,20,0,0,0,Fall
9/7/2016,29,35,22,33,0,33,Fall
9/8/2016,26,30,21,3,0,3,Fall
9/9/2016,24,29,20,0,0,0,Fall
9/10/2016,24,29,19,2,0,2,Fall
9/11/2016,19,23,14,0,0,0,Fall
9/12/2016,18,25,12,0,0,0,Fall
9/13/2016,21,28,15,0,0,0,Fall
9/14/2016,17,22,12,0,0,0,Fall
9/15/2016,15,20,11,0,0,0,Fall
9/16/2016,17,24,11,0,0,0,Fall
9/17/2016,21,23,19,7,0,7,Fall
9/18/2016,22,27,17,0,0,0,Fall
9/19/2016,21,27,16,0,0,0,Fall
9/20/2016,22,29,15,0,0,0,Fall
9/21/2016,21,28,14,0,0,0,Fall
9/22/2016,22,30,14,0,0,0,Fall
9/23/2016,16,22,11,1,0,1,Fall
9/24/2016,14,19,8,0,0,0,Fall
9/25/2016,13,18,8,0,0,0,Fall
9/26/2016,15,18,11,12,0,12,Fall
9/27/2016,16,22,9,0,0,0,Fall
9/28/2016,17,22,13,0,0,0,Fall
9/29/2016,15,17,13,8,0,8,Fall
9/30/2016,16,19,13,0,0,0,Fall
10/1/2016,14,16,13,1,0,1,Fall
10/2/2016,16,19,14,7,0,7,Fall
10/3/2016,16,19,13,0,0,0,Fall
10/4/2016,17,20,15,0,0,0,Fall
10/5/2016,17,20,14,0,0,0,Fall
10/6/2016,19,23,16,0,0,0,Fall
10/7/2016,18,22,13,0,0,0,Fall
10/8/2016,13,18,8,5,0,5,Fall
10/9/2016,9,13,4,0,0,0,Fall
10/10/2016,8,14,2,0,0,0,Fall
10/11/2016,10,17,3,0,0,0,Fall
10/12/2016,16,22,10,0,0,0,Fall
10/13/2016,12,20,4,0,0,0,Fall
10/14/2016,10,15,4,0,0,0,Fall
10/15/2016,13,19,7,0,0,0,Fall
10/16/2016,19,21,17,2,0,2,Fall
10/17/2016,19,22,16,0,0,0,Fall
10/18/2016,19,26,12,0,0,0,Fall
10/19/2016,16,21,10,0,0,0,Fall
10/20/2016,13,15,11,9,0,9,Fall
10/21/2016,8,11,5,6,0,6,Fall
10/22/2016,6,9,3,0,0,0,Fall
10/23/2016,9,15,3,0,0,0,Fall
10/24/2016,8,10,5,0,0,0,Fall
10/25/2016,6,8,4,0,0,0,Fall
10/26/2016,3,5,0,1,0,1,Fall
10/27/2016,3,5,1,8,0,8,Fall
10/28/2016,5,11,0,0,0,0,Fall
10/29/2016,15,20,11,0,0,0,Fall
10/30/2016,6,11,1,1,0,1,Fall
10/31/2016,5,9,0,0,0,0,Fall
11/1/2016,12,18,6,0,0,0,Fall
11/2/2016,15,18,12,5,0,5,Fall
11/3/2016,10,14,6,22,0,22,Fall
11/4/2016,8,12,4,0,0,0,Fall
11/5/2016,12,16,7,0,0,0,Fall
11/6/2016,9,13,5,0,0,0,Fall
11/7/2016,8,15,1,0,0,0,Fall
11/8/2016,11,17,5,2,0,2,Fall
11/9/2016,6,11,1,0,0,0,Fall
11/10/2016,9,17,1,0,0,0,Fall
11/11/2016,6,12,0,0,0,0,Fall
11/12/2016,4,10,-3,0,0,0,Fall
11/13/2016,7,13,1,0,0,0,Fall
11/14/2016,9,14,3,0,0,0,Fall
11/15/2016,7,13,1,0,0,0,Fall
11/16/2016,8,12,3,0,0,0,Fall
11/17/2016,7,12,2,0,0,0,Fall
11/18/2016,11,17,5,0,0,0,Fall
11/19/2016,7,15,0,5,0,5,Fall
11/20/2016,0,2,-3,0,1,1,Fall
11/21/2016,-1,2,-3,0,0,0,Fall
11/22/2016,-1,3,-5,0,0,0,Fall
11/23/2016,-1,1,-3,1,0,2,Fall
11/24/2016,3,4,1,4,0,4,Fall
11/25/2016,5,7,4,1,0,1,Fall
11/26/2016,4,6,2,2,0,2,Fall
11/27/2016,4,8,1,0,0,0,Fall
11/28/2016,5,8,3,2,0,2,Fall
11/29/2016,10,15,6,2,0,2,Fall
11/30/2016,9,12,6,7,0,7,Fall
12/1/2016,6,8,4,0,0,0,Winter
12/2/2016,4,6,2,0,0,0,Winter
12/3/2016,3,6,0,0,0,0,Winter
12/4/2016,2,3,0,,1,1,Winter
12/5/2016,3,6,0,0,3,3,Winter
12/6/2016,2,5,-1,5,0,5,Winter
12/7/2016,1,3,-1,0,0,0,Winter
12/8/2016,-2,0,-4,0,1,1,Winter
12/9/2016,-4,-1,-7,0,0,0,Winter
12/10/2016,-4,-1,-7,0,0,0,Winter
12/11/2016,-4,0,-7,0,14,15,Winter
12/12/2016,0,2,-3,0,3,3,Winter
12/13/2016,-4,-1,-7,0,0,0,Winter
12/14/2016,-8,-5,-11,0,0,0,Winter
12/15/2016,-10,-8,-13,0,4,4,Winter
12/16/2016,-9,-6,-11,0,3,3,Winter
12/17/2016,-3,0,-6,2,6,7,Winter
12/18/2016,-8,-1,-14,1,0,1,Winter
12/19/2016,-10,-8,-13,0,0,0,Winter
12/20/2016,-5,0,-10,0,0,0,Winter
12/21/2016,-4,-1,-8,0,1,1,Winter
12/22/2016,1,3,-1,0,0,0,Winter
12/23/2016,0,3,-3,0,0,0,Winter
12/24/2016,2,3,1,5,0,5,Winter
12/25/2016,0,3,-3,0,0,0,Winter
12/26/2016,3,10,-4,20,0,20,Winter
12/27/2016,2,7,-3,0,0,0,Winter
12/28/2016,-2,1,-4,0,0,0,Winter
12/29/2016,0,2,-2,0,6,6,Winter
12/30/2016,-2,0,-4,0,0,0,Winter
12/31/2016,0,4,-4,1,1,2,Winter
1/1/2017,0,2,-3,0,0,0,Winter
1/2/2017,0,5,-4,0,0,0,Winter
1/3/2017,3,4,2,16,0,16,Winter
1/4/2017,-3,4,-9,0,0,0,Winter
1/5/2017,-9,-7,-12,0,0,0,Winter
1/6/2017,-10,-7,-13,0,0,0,Winter
1/7/2017,-11,-8,-14,0,0,0,Winter
1/8/2017,-11,-9,-13,0,0,0,Winter
1/9/2017,-6,-3,-10,0,0,0,Winter
1/10/2017,2,8,-3,11,7,19,Winter
1/11/2017,4,7,1,6,0,6,Winter
1/12/2017,3,9,-2,10,0,10,Winter
1/13/2017,-5,-2,-9,0,0,0,Winter
1/14/2017,-6,-3,-9,0,0,0,Winter
1/15/2017,-4,0,-7,0,0,0,Winter
1/16/2017,-2,3,-6,0,0,0,Winter
1/17/2017,1,2,0,12,0,12,Winter
1/18/2017,2,3,1,0,0,0,Winter
1/19/2017,2,3,1,0,0,0,Winter
1/20/2017,2,4,1,0,0,0,Winter
1/21/2017,4,6,2,0,0,0,Winter
1/22/2017,4,5,2,0,0,0,Winter
1/23/2017,2,4,1,0,0,0,Winter
1/24/2017,0,1,-1,0,0,0,Winter
1/25/2017,2,5,-1,1,0,1,Winter
1/26/2017,2,4,0,2,0,2,Winter
1/27/2017,0,2,-2,0,0,0,Winter
1/28/2017,-2,-1,-3,0,1,0,Winter
1/29/2017,-5,-2,-7,0,0,0,Winter
1/30/2017,-8,-5,-11,0,0,0,Winter
1/31/2017,-4,-2,-6,0,2,2,Winter
2/1/2017,-1,2,-5,0,0,0,Winter
2/2/2017,-5,-3,-7,0,0,0,Winter
2/3/2017,-7,-5,-9,0,0,0,Winter
2/4/2017,-6,-2,-9,0,0,0,Winter
2/5/2017,-2,0,-3,0,1,1,Winter
2/6/2017,-2,2,-6,0,0,0,Winter
2/7/2017,1,4,-2,15,0,15,Winter
2/8/2017,-2,4,-8,0,0,0,Winter
2/9/2017,-8,-4,-12,0,0,0,Winter
2/10/2017,-5,-2,-8,0,4,4,Winter
2/11/2017,0,4,-4,0,0,0,Winter
2/12/2017,-2,2,-5,0,16,14,Winter
2/13/2017,-4,-1,-6,0,0,0,Winter
2/14/2017,-2,4,-7,0,0,0,Winter
2/15/2017,-2,2,-6,0,0,0,Winter
2/16/2017,-7,-3,-10,0,0,0,Winter
2/17/2017,-3,0,-7,0,0,0,Winter
2/18/2017,4,12,-4,0,0,0,Winter
2/19/2017,7,12,2,0,0,0,Winter
2/20/2017,2,5,-1,0,0,0,Winter
2/21/2017,3,6,1,1,0,1,Winter
2/22/2017,6,8,3,0,0,0,Winter
2/23/2017,11,18,4,0,0,0,Winter
2/24/2017,4,5,3,7,0,7,Winter
2/25/2017,3,8,-3,12,0,12,Winter
2/26/2017,-1,3,-4,0,0,0,Winter
2/27/2017,5,9,1,0,0,0,Winter
2/28/2017,5,9,2,3,0,3,Winter
3/1/2017,5,14,-4,20,0,20,Spring
3/2/2017,-5,-2,-7,0,0,0,Spring
3/3/2017,-8,-5,-10,0,0,0,Spring
3/4/2017,-10,-7,-12,0,0,0,Spring
3/5/2017,-7,-2,-12,0,0,0,Spring
3/6/2017,2,6,-2,0,0,0,Spring
3/7/2017,9,13,5,,,,Spring
3/8/2017,5,10,1,0,0,0,Spring
3/9/2017,0,3,-2,0,0,0,Spring
3/10/2017,-6,-1,-10,0,0,0,Spring
3/11/2017,-10,-6,-13,0,0,0,Spring
3/12/2017,-9,-4,-13,0,0,0,Spring
3/13/2017,-9,-6,-11,0,2,2,Spring
3/14/2017,-10,-8,-12,0,1,1,Spring
3/15/2017,-6,-3,-10,0,1,1,Spring
3/16/2017,-3,2,-7,0,0,0,Spring
3/17/2017,-1,6,-7,0,0,0,Spring
3/18/2017,1,3,0,0,0,1,Spring
3/19/2017,3,7,-1,0,0,0,Spring
3/20/2017,3,7,-1,0,0,0,Spring
3/21/2017,4,12,-4,0,0,0,Spring
3/22/2017,-5,-2,-9,0,0,0,Spring
3/23/2017,-3,3,-9,0,0,0,Spring
3/24/2017,8,15,1,8,0,8,Spring
3/25/2017,3,4,1,8,0,8,Spring
3/26/2017,3,6,1,3,0,3,Spring
3/27/2017,11,16,6,2,0,2,Spring
3/28/2017,6,10,2,0,0,0,Spring
3/29/2017,6,11,0,0,0,0,Spring
3/30/2017,2,4,0,6,2,12,Spring
3/31/2017,3,4,1,10,0,10,Spring
4/1/2017,6,11,1,0,0,0,Spring
4/2/2017,9,16,2,0,0,0,Spring
4/3/2017,9,12,6,6,0,6,Spring
4/4/2017,8,12,5,12,0,12,Spring
4/5/2017,7,10,5,0,0,0,Spring
4/6/2017,4,7,1,28,0,28,Spring
4/7/2017,2,5,-1,0,2,2,Spring
4/8/2017,7,13,0,0,0,0,Spring
4/9/2017,12,20,4,0,0,0,Spring
4/10/2017,17,23,10,4,0,4,Spring
4/11/2017,14,20,8,2,0,2,Spring
4/12/2017,5,8,1,0,0,0,Spring
4/13/2017,8,14,1,0,0,0,Spring
4/14/2017,9,15,3,0,0,0,Spring
4/15/2017,12,20,4,6,0,6,Spring
4/16/2017,16,22,10,3,0,3,Spring
4/17/2017,7,12,1,0,0,0,Spring
4/18/2017,5,10,0,0,0,0,Spring
4/19/2017,14,22,6,1,0,1,Spring
4/20/2017,7,8,5,25,0,25,Spring
4/21/2017,9,12,6,0,0,0,Spring
4/22/2017,9,13,4,0,0,0,Spring
4/23/2017,11,20,2,0,0,0,Spring
4/24/2017,9,13,6,0,0,0,Spring
4/25/2017,8,11,6,4,0,4,Spring
4/26/2017,12,17,8,0,0,0,Spring
4/27/2017,17,26,9,5,0,5,Spring
4/28/2017,14,19,8,0,0,0,Spring
4/29/2017,10,15,6,0,0,0,Spring
4/30/2017,6,8,4,14,0,14,Spring
5/1/2017,10,15,5,19,0,19,Spring
5/2/2017,9,11,6,1,0,1,Spring
5/3/2017,10,15,4,0,0,0,Spring
5/4/2017,8,11,5,20,0,20,Spring
5/5/2017,8,10,6,22,0,22,Spring
5/6/2017,6,7,5,1,0,1,Spring
5/7/2017,7,11,3,0,0,0,Spring
5/8/2017,7,12,2,0,0,0,Spring
5/9/2017,7,11,2,0,0,0,Spring
5/10/2017,8,11,4,0,0,0,Spring
5/11/2017,10,14,7,0,0,0,Spring
5/12/2017,10,15,6,0,0,0,Spring
5/13/2017,12,17,8,1,0,1,Spring
5/14/2017,12,18,6,1,0,1,Spring
5/15/2017,13,20,6,0,0,0,Spring
5/16/2017,12,16,8,1,0,1,Spring
5/17/2017,20,30,9,0,0,0,Spring
5/18/2017,23,30,17,2,0,2,Spring
5/19/2017,13,17,9,0,0,0,Spring
5/20/2017,12,16,7,0,0,0,Spring
5/21/2017,12,13,10,12,0,12,Spring
5/22/2017,14,18,10,0,0,0,Spring
5/23/2017,16,23,9,0,0,0,Spring
5/24/2017,18,23,13,1,0,1,Spring
5/25/2017,13,16,11,45,0,45,Spring
5/26/2017,15,18,12,4,0,4,Spring
5/27/2017,16,19,12,0,0,0,Spring
5/28/2017,16,21,11,0,0,0,Spring
5/29/2017,20,26,14,1,0,1,Spring
5/30/2017,18,24,12,10,0,10,Spring
5/31/2017,17,23,11,0,0,0,Spring
6/1/2017,14,18,9,0,0,0,Summer
6/2/2017,15,21,9,0,0,0,Summer
6/3/2017,16,22,10,0,0,0,Summer
6/4/2017,16,21,12,6,0,6,Summer
6/5/2017,15,17,12,0,0,0,Summer
6/6/2017,14,17,11,3,0,3,Summer
6/7/2017,15,21,8,0,0,0,Summer
6/8/2017,17,24,11,0,0,0,Summer
6/9/2017,21,28,14,0,0,0,Summer
6/10/2017,23,30,15,0,0,0,Summer
6/11/2017,27,32,22,0,0,0,Summer
6/12/2017,27,33,20,0,0,0,Summer
6/13/2017,22,26,18,1,0,1,Summer
6/14/2017,20,24,15,0,0,0,Summer
6/15/2017,18,20,16,0,0,0,Summer
6/16/2017,24,31,16,8,0,8,Summer
6/17/2017,24,28,20,7,0,7,Summer
6/18/2017,24,30,19,2,0,2,Summer
6/19/2017,22,27,17,0,0,0,Summer
6/20/2017,19,24,13,4,0,4,Summer
6/21/2017,18,24,12,0,0,0,Summer
6/22/2017,19,25,13,4,0,4,Summer
6/23/2017,21,25,18,36,0,36,Summer
6/24/2017,20,24,15,0,0,0,Summer
6/25/2017,18,22,14,1,0,1,Summer
6/26/2017,17,22,12,2,0,2,Summer
6/27/2017,16,21,11,4,0,4,Summer
6/28/2017,18,25,12,1,0,1,Summer
6/29/2017,21,28,15,4,0,4,Summer
6/30/2017,24,28,20,13,0,13,Summer
7/1/2017,21,26,16,1,0,1,Summer
7/2/2017,21,27,14,1,0,1,Summer
7/3/2017,20,26,15,0,0,0,Summer
7/4/2017,20,26,15,0,0,0,Summer
7/5/2017,21,27,14,0,0,0,Summer
7/6/2017,23,30,17,0,0,0,Summer
7/7/2017,25,29,20,0,0,0,Summer
7/8/2017,20,25,15,0,0,0,Summer
7/9/2017,22,28,15,0,0,0,Summer
7/10/2017,22,26,18,0,0,0,Summer
7/11/2017,23,29,17,0,0,0,Summer
7/12/2017,23,27,19,1,0,1,Summer
7/13/2017,19,22,16,2,0,2,Summer
7/14/2017,23,28,17,1,0,1,Summer
7/15/2017,23,28,18,0,0,0,Summer
7/16/2017,22,28,17,0,0,0,Summer
7/17/2017,23,26,19,0,0,0,Summer
7/18/2017,23,28,17,0,0,0,Summer
7/19/2017,25,32,19,0,0,0,Summer
7/20/2017,20,25,16,19,0,19,Summer
7/21/2017,24,30,19,0,0,0,Summer
7/22/2017,22,24,20,2,0,2,Summer
7/23/2017,22,24,20,0,0,0,Summer
7/24/2017,19,22,16,0,0,0,Summer
7/25/2017,19,23,15,0,0,0,Summer
7/26/2017,18,22,15,3,0,3,Summer
7/27/2017,23,27,18,5,0,5,Summer
7/28/2017,19,23,16,0,0,0,Summer
7/29/2017,21,28,15,0,0,0,Summer
7/30/2017,24,30,18,0,0,0,Summer
7/31/2017,24,31,17,2,0,2,Summer
8/1/2017,23,29,18,13,0,13,Summer
8/2/2017,24,30,19,0,0,0,Summer
8/3/2017,23,27,18,0,0,0,Summer
8/4/2017,21,26,16,30,0,30,Summer
8/5/2017,17,22,13,0,0,0,Summer
8/6/2017,19,26,12,0,0,0,Summer
8/7/2017,18,22,14,0,0,0,Summer
8/8/2017,20,26,13,0,0,0,Summer
8/9/2017,23,29,16,0,0,0,Summer
8/10/2017,22,27,18,0,0,0,Summer
8/11/2017,21,25,17,2,0,2,Summer
8/12/2017,21,26,16,0,0,0,Summer
8/13/2017,20,27,13,0,0,0,Summer
8/14/2017,21,26,17,0,0,0,Summer
8/15/2017,22,28,16,1,0,1,Summer
8/16/2017,20,24,16,0,0,0,Summer
8/17/2017,20,24,17,15,0,15,Summer
8/18/2017,23,27,20,0,0,0,Summer
8/19/2017,21,25,16,0,0,0,Summer
8/20/2017,22,29,16,0,0,0,Summer
8/21/2017,24,30,19,0,0,0,Summer
8/22/2017,20,26,14,8,0,8,Summer
8/23/2017,18,23,12,0,0,0,Summer
8/24/2017,16,20,11,0,0,0,Summer
8/25/2017,16,22,11,0,0,0,Summer
8/26/2017,16,22,10,0,0,0,Summer
8/27/2017,17,23,11,0,0,0,Summer
8/28/2017,19,23,16,0,0,0,Summer
8/29/2017,19,23,15,0,0,0,Summer
8/30/2017,19,25,13,0,0,0,Summer
8/31/2017,15,19,10,4,0,4,Summer
9/1/2017,13,18,7,0,0,0,Fall
9/2/2017,14,20,7,0,0,0,Fall
9/3/2017,18,21,14,9,0,9,Fall
9/4/2017,20,27,14,9,0,9,Fall
9/5/2017,17,21,13,5,0,5,Fall
9/6/2017,16,21,11,0,0,0,Fall
9/7/2017,15,20,10,4,0,4,Fall
9/8/2017,14,19,10,0,0,0,Fall
9/9/2017,13,18,8,0,0,0,Fall
9/10/2017,14,19,8,0,0,0,Fall
9/11/2017,16,23,8,0,0,0,Fall
9/12/2017,17,24,10,0,0,0,Fall
9/13/2017,18,25,11,0,0,0,Fall
9/14/2017,22,28,15,0,0,0,Fall
9/15/2017,22,26,17,0,0,0,Fall
9/16/2017,21,27,15,0,0,0,Fall
9/17/2017,21,27,15,0,0,0,Fall
9/18/2017,22,28,16,0,0,0,Fall
9/19/2017,23,27,19,0,0,0,Fall
9/20/2017,22,26,18,0,0,0,Fall
9/21/2017,22,27,16,0,0,0,Fall
9/22/2017,22,27,17,0,0,0,Fall
9/23/2017,25,33,18,0,0,0,Fall
9/24/2017,27,34,19,0,0,0,Fall
9/25/2017,26,32,20,0,0,0,Fall
9/26/2017,26,31,20,0,0,0,Fall
9/27/2017,22,30,14,0,0,0,Fall
9/28/2017,14,19,8,0,0,0,Fall
9/29/2017,13,18,8,4,0,4,Fall
9/30/2017,11,15,6,0,0,0,Fall
10/1/2017,11,18,4,0,0,0,Fall
10/2/2017,14,20,7,0,0,0,Fall
10/3/2017,16,24,8,0,0,0,Fall
10/4/2017,19,27,11,4,0,4,Fall
10/5/2017,16,23,9,0,0,0,Fall
10/6/2017,17,21,14,1,0,1,Fall
10/7/2017,22,28,17,5,0,5,Fall
10/8/2017,21,25,17,1,0,1,Fall
10/9/2017,18,22,14,12,0,12,Fall
10/10/2017,17,23,11,0,0,0,Fall
10/11/2017,11,14,8,3,0,3,Fall
10/12/2017,12,15,8,0,0,0,Fall
10/13/2017,16,19,12,0,0,0,Fall
10/14/2017,16,19,12,9,0,9,Fall
10/15/2017,16,24,8,8,0,8,Fall
10/16/2017,7,10,3,0,0,0,Fall
10/17/2017,11,20,3,0,0,0,Fall
10/18/2017,16,22,10,0,0,0,Fall
10/19/2017,14,21,7,0,0,0,Fall
10/20/2017,15,22,7,0,0,0,Fall
10/21/2017,15,21,10,0,0,0,Fall
10/22/2017,16,23,9,,,0,Fall
10/23/2017,17,20,14,9,0,9,Fall
10/24/2017,13,17,9,1,0,1,Fall
10/25/2017,7,12,2,0,0,0,Fall
10/26/2017,7,12,2,0,0,0,Fall
10/27/2017,9,15,3,0,0,0,Fall
10/28/2017,7,12,3,5,0,5,Fall
10/29/2017,6,9,4,0,0,0,Fall
10/30/2017,7,9,5,0,0,0,Fall
10/31/2017,6,8,3,0,0,0,Fall
11/1/2017,6,7,4,2,0,2,Fall
11/2/2017,11,16,6,11,0,11,Fall
11/3/2017,7,12,2,2,0,2,Fall
11/4/2017,4,7,1,2,0,2,Fall
11/5/2017,11,16,6,15,0,15,Fall
11/6/2017,8,12,4,0,0,0,Fall
11/7/2017,4,7,0,0,0,0,Fall
11/8/2017,,,-1,0,0,0,Fall
11/9/2017,2,9,-5,1,0,1,Fall
11/10/2017,-7,-3,-10,0,0,0,Fall
11/11/2017,-4,1,-8,0,0,0,Fall
11/12/2017,3,5,1,1,0,1,Fall
11/13/2017,3,5,1,1,0,1,Fall
11/14/2017,5,7,2,0,0,0,Fall
11/15/2017,5,8,2,2,0,2,Fall
11/16/2017,4,8,0,1,0,1,Fall
11/17/2017,0,3,-2,0,0,0,Fall
11/18/2017,5,8,2,19,0,19,Fall
11/19/2017,1,5,-3,1,1,2,Fall
11/20/2017,3,7,-1,0,0,0,Fall
11/21/2017,7,12,3,0,0,0,Fall
11/22/2017,0,3,-3,0,0,0,Fall
11/23/2017,1,4,-1,0,0,0,Fall
11/24/2017,6,12,0,0,0,0,Fall
11/25/2017,6,10,1,1,0,1,Fall
11/26/2017,2,3,0,0,0,0,Fall
11/27/2017,2,4,-1,0,0,0,Fall
11/28/2017,9,17,1,0,0,0,Fall
11/29/2017,5,10,-1,0,0,0,Fall
11/30/2017,2,7,-4,2,0,2,Fall
12/1/2017,5,8,1,0,0,0,Winter
12/2/2017,3,7,-1,0,0,0,Winter
12/3/2017,3,8,-2,0,0,0,Winter
12/4/2017,3,9,-2,4,0,4,Winter
12/5/2017,5,12,-1,4,0,4,Winter
12/6/2017,1,3,-2,0,0,0,Winter
12/7/2017,-2,1,-4,0,0,0,Winter
12/8/2017,-1,1,-4,0,0,0,Winter
12/9/2017,-2,1,-4,0,0,0,Winter
12/10/2017,-3,-2,-4,0,0,0,Winter
12/11/2017,-5,-3,-7,0,6,3,Winter
12/12/2017,-7,-3,-12,0,6,4,Winter
12/13/2017,-10,-7,-13,0,1,1,Winter
12/14/2017,-11,-6,-16,0,0,0,Winter
12/15/2017,-8,-4,-12,0,0,0,Winter
12/16/2017,-7,-4,-10,0,0,0,Winter
12/17/2017,-10,-6,-14,0,0,0,Winter
12/18/2017,-2,4,-7,1,0,2,Winter
12/19/2017,4,7,1,0,0,0,Winter
12/20/2017,-1,3,-4,0,0,0,Winter
12/21/2017,-4,-3,-5,0,4,3,Winter
12/22/2017,-5,-3,-6,0,3,3,Winter
12/23/2017,-2,1,-6,0,4,3,Winter
12/24/2017,-6,-2,-10,0,9,8,Winter
12/25/2017,-8,-4,-12,0,1,1,Winter
12/26/2017,-14,-12,-17,0,0,0,Winter
12/27/2017,-16,-11,-20,0,0,0,Winter
12/28/2017,-18,-13,-23,0,0,0,Winter
12/29/2017,-12,-8,-16,0,5,3,Winter
12/30/2017,-13,-7,-19,0,0,0,Winter
12/31/2017,-19,-15,-23,0,0,0,Winter
1/1/2018,-15,-9,-21,0,0,0,Winter
1/2/2018,-11,-8,-13,0,1,1,Winter
1/3/2018,-10,-6,-14,0,0,0,Winter
1/4/2018,-15,-9,-21,0,0,0,Winter
1/5/2018,-19,-15,-23,0,0,0,Winter
1/6/2018,-20,-16,-24,0,0,0,Winter
1/7/2018,-12,-2,-21,0,0,0,Winter
1/8/2018,0,2,-3,1,4,4,Winter
1/9/2018,-1,1,-3,0,0,0,Winter
1/10/2018,1,7,-5,3,0,3,Winter
1/11/2018,9,13,5,7,0,7,Winter
1/12/2018,0,12,-13,10,3,14,Winter
1/13/2018,-14,-12,-17,0,0,0,Winter
1/14/2018,-12,-7,-17,0,0,0,Winter
1/15/2018,-8,-7,-9,0,4,4,Winter
1/16/2018,-7,-3,-10,0,2,1,Winter
1/17/2018,-10,-6,-14,0,0,0,Winter
1/18/2018,-7,-4,-9,0,0,0,Winter
1/19/2018,-2,2,-6,0,0,0,Winter
1/20/2018,3,6,0,0,0,0,Winter
1/21/2018,1,4,-2,1,0,1,Winter
1/22/2018,2,2,1,14,0,14,Winter
1/23/2018,1,7,-5,3,0,3,Winter
1/24/2018,-8,-5,-11,0,0,0,Winter
1/25/2018,-7,-3,-11,0,0,0,Winter
1/26/2018,2,6,-3,0,0,0,Winter
1/27/2018,5,10,0,2,0,2,Winter
1/28/2018,1,5,-3,0,0,0,Winter
1/29/2018,-4,-2,-7,0,5,5,Winter
1/30/2018,-11,-7,-15,0,0,0,Winter
1/31/2018,-7,2,-15,0,1,1,Winter
2/1/2018,-3,5,-10,0,0,0,Winter
2/2/2018,-13,-10,-16,0,0,0,Winter
2/3/2018,-7,-2,-11,0,2,2,Winter
2/4/2018,-4,2,-9,0,5,5,Winter
2/5/2018,-11,-8,-14,0,0,0,Winter
2/6/2018,-8,-5,-11,0,0,0,Winter
2/7/2018,-9,-5,-13,0,7,7,Winter
2/8/2018,-10,-7,-13,0,0,0,Winter
2/9/2018,-8,-5,-11,0,7,6,Winter
2/10/2018,-6,-4,-7,0,6,6,Winter
2/11/2018,-4,-1,-7,0,1,3,Winter
2/12/2018,-8,-3,-12,0,0,0,Winter
2/13/2018,-8,-2,-14,0,0,0,Winter
2/14/2018,1,5,-4,0,0,0,Winter
2/15/2018,5,8,3,0,0,0,Winter
2/16/2018,-2,3,-7,0,0,0,Winter
2/17/2018,-4,0,-8,0,0,0,Winter
2/18/2018,0,4,-4,0,0,0,Winter
2/19/2018,1,4,-3,13,0,13,Winter
2/20/2018,10,17,3,8,0,8,Winter
2/21/2018,6,15,-2,8,0,8,Winter
2/22/2018,-1,2,-3,0,0,0,Winter
2/23/2018,3,6,-1,3,0,3,Winter
2/24/2018,3,5,1,0,0,0,Winter
2/25/2018,7,12,1,5,0,5,Winter
2/26/2018,3,8,-1,0,0,0,Winter
2/27/2018,6,14,-1,0,0,0,Winter
2/28/2018,9,16,2,0,0,0,Winter
3/1/2018,2,4,-1,0,1,1,Spring
3/2/2018,1,4,-2,0,0,0,Spring
3/3/2018,0,4,-4,0,0,0,Spring
3/4/2018,-1,2,-4,0,0,0,Spring
3/5/2018,-1,5,-6,0,0,0,Spring
3/6/2018,0,1,-2,0,0,0,Spring
3/7/2018,1,3,-2,0,0,0,Spring
3/8/2018,-2,-1,-3,0,0,0,Spring
3/9/2018,0,4,-4,0,0,0,Spring
3/10/2018,-1,2,-4,0,0,0,Spring
3/11/2018,-1,3,-5,0,0,0,Spring
3/12/2018,-2,0,-4,0,6,3,Spring
3/13/2018,-1,1,-4,0,0,0,Spring
3/14/2018,-2,1,-5,0,0,0,Spring
3/15/2018,0,5,-5,0,1,1,Spring
3/16/2018,-4,0,-7,0,0,0,Spring
3/17/2018,0,6,-6,0,0,0,Spring
3/18/2018,2,11,-6,0,0,0,Spring
3/19/2018,-4,0,-8,0,0,0,Spring
3/20/2018,-2,3,-8,0,0,0,Spring
3/21/2018,0,5,-5,0,0,0,Spring
3/22/2018,1,5,-4,0,0,0,Spring
3/23/2018,0,4,-4,0,0,0,Spring
3/24/2018,-1,3,-6,0,0,0,Spring
3/25/2018,-2,3,-8,0,0,0,Spring
3/26/2018,3,9,-2,0,0,0,Spring
3/27/2018,5,7,3,4,0,4,Spring
3/28/2018,5,8,2,0,0,0,Spring
3/29/2018,4,7,1,17,0,17,Spring
3/30/2018,2,5,-2,0,0,0,Spring
3/31/2018,4,9,-1,5,0,5,Spring
4/1/2018,0,4,-4,0,0,0,Spring
4/2/2018,2,7,-4,0,0,0,Spring
4/3/2018,3,5,2,21,0,21,Spring
4/4/2018,0,5,-5,5,0,5,Spring
4/5/2018,-2,2,-5,0,0,0,Spring
4/6/2018,1,5,-4,0,1,2,Spring
4/7/2018,-3,1,-6,0,0,0,Spring
4/8/2018,-2,2,-6,0,0,0,Spring
4/9/2018,-1,3,-6,0,0,0,Spring
4/10/2018,2,7,-3,0,0,0,Spring
4/11/2018,3,6,0,1,0,1,Spring
4/12/2018,7,16,-2,3,0,3,Spring
4/13/2018,4,6,2,7,0,7,Spring
4/14/2018,0,4,-4,6,4,36,Spring
4/15/2018,-2,1,-4,15,4,28,Spring
4/16/2018,2,3,1,19,0,19,Spring
4/17/2018,-1,1,-2,0,0,0,Spring
4/18/2018,2,4,0,0,0,0,Spring
4/19/2018,1,3,-1,0,0,0,Spring
4/20/2018,3,8,-2,0,0,0,Spring
4/21/2018,6,14,-2,0,0,0,Spring
4/22/2018,9,17,0,0,0,0,Spring
4/23/2018,10,19,2,0,0,0,Spring
4/24/2018,12,17,7,4,0,4,Spring
4/25/2018,8,11,4,19,0,19,Spring
4/26/2018,10,16,3,1,0,1,Spring
4/27/2018,9,15,2,3,0,3,Spring
4/28/2018,5,8,1,2,0,2,Spring
4/29/2018,6,12,0,0,0,0,Spring
4/30/2018,11,20,1,0,0,0,Spring
5/1/2018,18,28,8,0,0,0,Spring
5/2/2018,23,28,18,0,0,0,Spring
5/3/2018,16,22,10,7,0,7,Spring
5/4/2018,17,25,8,8,0,8,Spring
5/5/2018,16,25,8,2,0,2,Spring
5/6/2018,15,18,11,1,0,1,Spring
5/7/2018,13,16,10,0,0,0,Spring
5/8/2018,13,19,7,0,0,0,Spring
5/9/2018,16,23,9,0,0,0,Spring
5/10/2018,13,20,5,2,0,2,Spring
5/11/2018,8,11,5,0,0,0,Spring
5/12/2018,11,14,8,0,0,0,Spring
5/13/2018,13,18,7,0,0,0,Spring
5/14/2018,17,24,9,0,0,0,Spring
5/15/2018,16,22,11,19,0,19,Spring
5/16/2018,14,20,8,0,0,0,Spring
5/17/2018,18,24,12,0,0,0,Spring
5/18/2018,13,17,10,0,0,0,Spring
5/19/2018,13,17,10,8,0,8,Spring
5/20/2018,15,20,9,0,0,0,Spring
5/21/2018,14,21,7,0,0,0,Spring
5/22/2018,14,18,11,9,0,9,Spring
5/23/2018,18,26,10,0,0,0,Spring
5/24/2018,20,29,12,0,0,0,Spring
5/25/2018,23,30,16,0,0,0,Spring
5/26/2018,22,28,17,0,0,0,Spring
5/27/2018,22,27,17,0,0,0,Spring
5/28/2018,23,31,15,0,0,0,Spring
5/29/2018,23,27,19,0,0,0,Spring
5/30/2018,24,29,18,0,0,0,Spring
5/31/2018,26,31,20,10,0,10,Spring
6/1/2018,22,28,15,0,0,0,Summer
6/2/2018,17,21,14,0,0,0,Summer
6/3/2018,18,21,14,7,0,7,Summer
6/4/2018,17,19,14,1,0,1,Summer
6/5/2018,13,16,11,0,0,0,Summer
6/6/2018,13,16,10,0,0,0,Summer
6/7/2018,17,23,11,0,0,0,Summer
6/8/2018,17,22,13,0,0,0,Summer
6/9/2018,18,24,13,0,0,0,Summer
6/10/2018,18,23,14,0,0,0,Summer
6/11/2018,17,23,11,0,0,0,Summer
6/12/2018,18,26,11,0,0,0,Summer
6/13/2018,23,30,16,3,0,3,Summer
6/14/2018,20,25,14,0,0,0,Summer
6/15/2018,19,25,13,0,0,0,Summer
6/16/2018,22,30,14,0,0,0,Summer
6/17/2018,25,32,17,0,0,0,Summer
6/18/2018,25,33,18,3,0,3,Summer
6/19/2018,20,23,16,0,0,0,Summer
6/20/2018,20,25,15,0,0,0,Summer
6/21/2018,18,22,14,0,0,0,Summer
6/22/2018,18,23,13,2,0,2,Summer
6/23/2018,18,20,17,5,0,5,Summer
6/24/2018,18,21,15,21,0,21,Summer
6/25/2018,18,23,13,0,0,0,Summer
6/26/2018,17,23,11,0,0,0,Summer
6/27/2018,19,22,17,8,0,8,Summer
6/28/2018,25,30,20,0,0,0,Summer
6/29/2018,25,32,19,0,0,0,Summer
6/30/2018,29,35,22,0,0,0,Summer
7/1/2018,29,34,24,0,0,0,Summer
7/2/2018,27,34,20,0,0,0,Summer
7/3/2018,25,31,19,0,0,0,Summer
7/4/2018,26,33,19,0,0,0,Summer
7/5/2018,27,34,21,24,0,24,Summer
7/6/2018,20,23,17,,,,Summer
7/7/2018,20,26,14,0,0,0,Summer
7/8/2018,22,28,15,0,0,0,Summer
7/9/2018,24,32,15,0,0,0,Summer
7/10/2018,24,30,19,0,0,0,Summer
7/11/2018,22,27,17,0,0,0,Summer
7/12/2018,23,30,17,0,0,0,Summer
7/13/2018,26,30,21,0,0,0,Summer
7/14/2018,25,29,21,0,0,0,Summer
7/15/2018,26,30,21,0,0,0,Summer
7/16/2018,27,32,21,8,0,8,Summer
7/17/2018,23,28,18,0,0,0,Summer
7/18/2018,20,24,16,0,0,0,Summer
7/19/2018,21,27,14,0,0,0,Summer
7/20/2018,24,30,18,1,0,1,Summer
7/21/2018,22,26,18,0,0,0,Summer
7/22/2018,20,24,17,15,0,15,Summer
7/23/2018,24,28,21,0,0,0,Summer
7/24/2018,26,30,22,5,0,5,Summer
7/25/2018,25,30,19,0,0,0,Summer
7/26/2018,23,30,17,8,0,8,Summer
7/27/2018,22,27,17,2,0,2,Summer
7/28/2018,19,24,15,0,0,0,Summer
7/29/2018,20,26,13,0,0,0,Summer
7/30/2018,22,27,17,0,0,0,Summer
7/31/2018,22,26,18,0,0,0,Summer
8/1/2018,24,27,20,1,0,1,Summer
8/2/2018,24,30,18,0,0,0,Summer
8/3/2018,25,29,20,0,0,0,Summer
8/4/2018,26,32,19,0,0,0,Summer
8/5/2018,27,35,19,0,0,0,Summer
8/6/2018,28,34,21,23,0,23,Summer
8/7/2018,24,28,21,6,0,6,Summer
8/8/2018,22,26,17,21,0,21,Summer
8/9/2018,23,30,17,2,0,2,Summer
8/10/2018,21,25,17,0,0,0,Summer
8/11/2018,21,27,15,4,0,4,Summer
8/12/2018,23,28,19,0,0,0,Summer
8/13/2018,23,27,19,0,0,0,Summer
8/14/2018,26,31,21,0,0,0,Summer
8/15/2018,26,31,20,0,0,0,Summer
8/16/2018,25,30,20,1,0,1,Summer
8/17/2018,25,29,21,15,0,15,Summer
8/18/2018,22,25,19,0,0,0,Summer
8/19/2018,21,25,17,0,0,0,Summer
8/20/2018,22,26,18,0,0,0,Summer
8/21/2018,23,26,20,26,0,26,Summer
8/22/2018,18,21,15,1,0,1,Summer
8/23/2018,21,27,15,0,0,0,Summer
8/24/2018,21,27,15,0,0,0,Summer
8/25/2018,23,26,20,18,0,18,Summer
8/26/2018,25,29,20,0,0,0,Summer
8/27/2018,24,29,20,1,0,1,Summer
8/28/2018,28,32,24,0,0,0,Summer
8/29/2018,23,29,17,0,0,0,Summer
8/30/2018,17,19,15,0,0,0,Summer
8/31/2018,20,23,16,0,0,0,Summer
9/1/2018,21,27,15,0,0,0,Fall
9/2/2018,26,30,22,0,0,0,Fall
9/3/2018,27,32,22,0,0,0,Fall
9/4/2018,24,28,20,0,0,0,Fall
9/5/2018,28,34,22,0,0,0,Fall
9/6/2018,21,26,16,1,0,1,Fall
9/7/2018,20,25,15,0,0,0,Fall
9/8/2018,15,17,12,0,0,0,Fall
9/9/2018,,16,,0,0,0,Fall
9/10/2018,14,16,12,26,0,26,Fall
9/11/2018,18,21,14,0,0,0,Fall
9/12/2018,18,24,13,0,0,0,Fall
9/13/2018,21,25,16,0,0,0,Fall
9/14/2018,24,28,20,0,0,0,Fall
9/15/2018,24,29,20,0,0,0,Fall
9/16/2018,24,28,20,0,0,0,Fall
9/17/2018,24,27,20,0,0,0,Fall
9/18/2018,22,28,15,0,0,0,Fall
9/19/2018,18,22,13,0,0,0,Fall
9/20/2018,17,19,15,0,0,0,Fall
9/21/2018,22,32,13,0,0,0,Fall
9/22/2018,13,16,10,0,0,0,Fall
9/23/2018,13,19,6,0,0,0,Fall
9/24/2018,15,20,10,2,0,2,Fall
9/25/2018,19,22,16,6,0,6,Fall
9/26/2018,18,24,11,0,0,0,Fall
9/27/2018,13,18,8,0,0,0,Fall
9/28/2018,17,24,10,3,0,3,Fall
9/29/2018,12,17,8,0,0,0,Fall
9/30/2018,11,13,9,10,0,10,Fall
10/1/2018,10,12,8,10,0,10,Fall
10/2/2018,11,13,9,13,0,13,Fall
10/3/2018,14,17,11,0,0,0,Fall
10/4/2018,15,23,7,4,0,4,Fall
10/5/2018,9,13,5,0,0,0,Fall
10/6/2018,13,17,9,1,0,1,Fall
10/7/2018,13,14,12,5,0,5,Fall
10/8/2018,13,14,11,3,0,3,Fall
10/9/2018,21,29,13,0,0,0,Fall
10/10/2018,23,27,19,0,0,0,Fall
10/11/2018,15,22,8,0,0,0,Fall
10/12/2018,8,11,6,1,0,1,Fall
10/13/2018,7,10,3,1,0,1,Fall
10/14/2018,9,15,3,0,0,0,Fall
10/15/2018,8,14,2,1,0,1,Fall
10/16/2018,7,12,1,0,0,0,Fall
10/17/2018,5,9,1,0,0,0,Fall
10/18/2018,4,8,-1,0,0,0,Fall
10/19/2018,11,16,5,0,0,0,Fall
10/20/2018,7,12,3,0,0,0,Fall
10/21/2018,3,6,0,0,0,0,Fall
10/22/2018,7,11,2,0,0,0,Fall
10/23/2018,5,10,1,1,0,1,Fall
10/24/2018,4,5,2,0,0,0,Fall
10/25/2018,5,7,2,0,0,0,Fall
10/26/2018,7,9,5,0,0,0,Fall
10/27/2018,4,6,1,7,2,10,Fall
10/28/2018,4,6,1,1,0,1,Fall
10/29/2018,,,,,,,Fall
10/30/2018,5,11,-2,1,0,1,Fall
10/31/2018,9,14,4,16,0,16,Fall
11/1/2018,6,8,5,30,0,30,Fall
11/2/2018,4,5,4,5,0,5,Fall
11/3/2018,4,7,0,2,0,2,Fall
11/4/2018,3,7,-1,0,0,0,Fall
11/5/2018,9,11,7,2,0,2,Fall
11/6/2018,12,16,9,7,0,7,Fall
11/7/2018,7,9,4,1,0,1,Fall
11/8/2018,4,6,3,0,0,0,Fall
11/9/2018,3,4,1,8,1,11,Fall
11/10/2018,0,3,-3,0,0,0,Fall
11/11/2018,1,4,-3,0,0,0,Fall
11/12/2018,4,6,1,1,0,1,Fall
11/13/2018,-1,2,-4,1,0,1,Fall
11/14/2018,-2,1,-6,0,0,0,Fall
